institucion,dominio_anterior,dominio_nuevo,nombre_real,nota
PAX Education,,pax.edu.au,Pax Institute of Education,"La ficha no traia dominio. OJO, DOS AVISOS. Primero: paxeducation.com.au responde 200 pero es un lander de parking de GoDaddy (redirige a /lander), no es el colegio. Segundo: el sitio real, pax.edu.au (Pax Institute of Education, Melbourne, RTO 22207, CRICOS 03152D), NO dicta ingles: cero apariciones de English, ELICOS o IELTS en la portada. Sus 9 cursos son cocina comercial, hospitalidad y mecanica automotriz (SIT y AUR). La categoria 'Instituto Idiomas' y puede_vender=[idiomas] estan mal; conviene confirmar con el cliente que 'PAX Education' es este Pax Institute antes de extraer."
Phoenix Academy,phoenix.wa.edu.au,phoenix.edu.au,Phoenix Academy,"phoenix.wa.edu.au responde pero con 301 permanente a www.phoenix.edu.au; usar el nuevo. 30 cursos en courses-sitemap.xml. puede_vender=[idiomas] se queda corto: ademas de ELICOS hay VET propio (BSB Cert I a Diploma de Business, Leadership, Project Management, TAE40122), preparacion high school, university preparation y formacion docente CELTA/TESOL. Perth."
Sarina Russo,sarinarusso.com.au,sri.edu.au,Sarina Russo Institute (parte del Sarina Russo Group),"sarinarusso.com.au vive y es del grupo, pero NO tiene catalogo: revisando todos sus enlaces, es un sitio corporativo de servicios de empleo (Workforce Australia, discapacidad, emprendimiento) con paginas de seccion educativa pero ni una ficha de curso. El catalogo real esta en sri.edu.au y es pequeno: 6 cursos de ingles internacionales (Intensive General English, Unipath 1 y 2, Bridging English Entry, IELTS Advanced, study tours) y 2 certificados domesticos (BSB40320, CHC41115). puede_vender=[vocacional,pregrado,posgrado,idiomas] no se sostiene: el pregrado y posgrado no son suyos, son de Russo Business School y de James Cook University Brisbane (socio) — extraer del dominio del grupo meteria titulos de JCU en la ficha de Sarina Russo."
Superior Training Centre,,stc.nsw.edu.au,Superior Training Centre,"La ficha no traia dominio ni ciudad. Es Superior Training Centre Pty Ltd, RTO 41122, CRICOS 03591C, en Unit 113 York Road, Ingleburn NSW 2565 (Sydney) — confirmado contra training.gov.au, studyaustralia.gov.au y el propio sitio. CUIDADO: superiortraining.com.au es un lander de parking de GoDaddy, no es el colegio. Oficios electricos y de refrigeracion (UEE, MEM) mas cursos cortos. Las 22 fichas de /course/ estan en el sitemap de productos WooCommerce (wp-sitemap-posts-product-1.xml) y NO en una pagina /courses/, que da 404; ademas la misma cualificacion aparece repetida en version apprenticeship, CRICOS y blended, y hay un 'test-course' de pruebas: cualificaciones distintas son unas 10."
The Business School,,tbs.edu.au,The Business School (TBS),"La ficha no traia dominio. Es tbs.edu.au, Suite 4, 59-63 Evaline St, Campsie NSW (Sydney). NO confundir con thebusinessschool.edu.au, que responde 200 pero es una pantalla de login de Moodle de otra entidad. 8 cualificaciones VET (BSB40120, BSB40520, BSB50120, BSB50420, BSB50820, BSB60720, CHC33021 y 10904NAT Diploma of Social Media Marketing) mas 3 cursos ELICOS con status NEAS (General English, EAP, IELTS Preparation): puede_vender=[vocacional] deja fuera el ingles. No hay pagina indice unica; el catalogo se arma desde los menus de International Students y Domestic Students."
The University of Queensland,,study.uq.edu.au,,"La ficha no traia dominio. El institucional es uq.edu.au (vivo, Brisbane), pero el catalogo esta en el subdominio study.uq.edu.au y ahi es donde hay que extraer. TRAMPA DE CONTEO: el sitemap tiene 6053 URLs bajo /study-options/programs/ porque multiplica programa x especialidad x anio (?year=2026); los programas raiz distintos son 343. Si la extraccion devuelve miles, esta contando planes de estudio. puede_vender=['todos'] no es cierto: UQ no tiene VET ni high school; el ingles es de ICTE-UQ y el pathway de UQ College, ambos aparte."
ICL - Education Group,,icl.ac.nz,ICL Graduate Business School,"Ficha sin dominio ni ciudad ni puede_vender. 'ICL Education Group' es la marca paraguas; el sitio operativo es icl.ac.nz = ICL Graduate Business School, PTE en 10-14 Lorne Street, Auckland CBD. Catalogo real: 2 bachelors en Business Information Systems, 4 graduate diplomas (incluido Teaching ECE), 6 masters (Management y Business Informatics, con via por tesis), 2 postgraduate diplomas y NZ Diploma in Business. NO se ve high school ni idiomas puros."
Kapiti College,,kc.school.nz,Kapiti College / Te Kura Tuarua o Kapiti,"Ficha sin dominio, sin ciudad y sin puede_vender: es un COLEGIO ESTATAL de secundaria en Raumati Beach, Kapiti Coast (no un 'College Privado'). La categoria de la ficha esta mal. Publica 'course information' por nivel/ano pero no un catalogo de programas vendibles: para un agente de estudios esto es high_school, no un listado de cursos. OJO tecnico: kc.school.nz no resuelve desde algunas redes NZ-externas (a mi resolver local le da timeout) aunque el A record existe; usar 8.8.8.8."
Kerikeri High School,,kerikerihigh.ac.nz,Te Kura Tuarua o Te Kerikeri / Kerikeri High School,"Ficha sin dominio. OJO: el dominio es .ac.nz, NO el .school.nz que uno esperaria de un colegio (kerikerihigh.school.nz esta en NXDOMAIN). Colegio estatal Y7-Y13 en Kerikeri, Bay of Islands. No publica catalogo de programas: solo secciones 'Academic Overview' y 'Academic Opportunities' mas la seccion International (86 estudiantes internacionales, estancias desde un termino de 10 semanas, programas Academic Plus de vela, surf y equitacion, colocacion en ESOL o mainstream tras test). Existe ademas un micrositio kkhsinternational.ac.nz para internacionales."
Nelson English Centre,,english-school.ac.nz,Nelson English Centre,"Ficha sin dominio, sin ciudad y sin puede_vender. Esta en NELSON (Isla Sur) y es solo idiomas. OJO: el dominio NO tiene nada que ver con el nombre - es english-school.ac.nz, que es exactamente el tipo de dominio generico que se confunde con otra escuela; confirmado por IALC, que solo acredita a dos escuelas en NZ y esta es una. Abierta desde 1995. Bloques del catalogo: Courses Overview, Specialised (General e Intensive), 50+ English + Activities, English + Golf, English + Mountain Biking, Family + English, Teaching For You."
North Shore International Academy,,culinarycollective.co.nz,The Culinary Collective (NZMA),"Ficha sin dominio. La MARCA NSIA YA NO EXISTE: se fusiono con NZMA y opera como 'The Culinary Collective'; su dominio historico nsia.ac.nz sigue registrado (NS de Azure) pero SIN registro A, o sea sitio caido. El sitio nuevo lo dice explicito: 'tu matricula es con NZMA y el titulo lo emite NZMA'. Campus Sylvia Park, Auckland Central y Hamilton. RIESGO DE DUPLICADO: esta ficha y la de 'New Zealand Management Academies Limited' apuntan hoy a la misma entidad y al mismo catalogo de cocina; hay que decidir cual se queda."
Orewa College,,orewacollege.nz,Orewa College,"Ficha sin dominio ni ciudad. OJO: el dominio es orewacollege.nz a secas, NO orewacollege.school.nz (ese esta en NXDOMAIN). Esta en Orewa, Hibiscus Coast, al norte de Auckland. Correccion de ficha: es un COLEGIO ESTATAL, no 'College Privado', y el puede_vender 'todos' es falso - solo high school. No publica catalogo de programas vendibles sino 13 areas curriculares (Commerce, Design Technology, English, Health and PE, Humanities, Languages, Maths, Performing Arts, Rumaki, Science, Te Ao Maori, Visual Arts, Y7-8). 86 internacionales de 17 paises en 2025."
Pakuranga College,,pakuranga.school.nz,Pakuranga College,"Ficha sin dominio. Colegio estatal en Half Moon Bay, Auckland (la ficha solo dice 'Auckland'). La categoria 'College Publico' de la ficha SI acierta, pero el puede_vender 'todos' no: aqui no hay pregrado, posgrado ni vocacional. No publica un handbook de asignaturas navegable en el sitio publico; solo la seccion /curriculum/ con descripcion general. Para extraccion de programas rinde practicamente cero."
South Seas Film & Television,,yoobee.ac.nz,Yoobee Colleges - South Seas Film School (campus),"Ficha sin dominio. South Seas Film & Television School dejo de ser institucion independiente: en 2019 se fusiono con Animation College, Yoobee School of Design, AMES y Arts (Canterbury) bajo la marca YOOBEE COLLEGES, y hoy es solo el nombre de un campus en la North Shore de Auckland. OJO PARA LA EXTRACCION: yoobee.ac.nz tiene ~32 cursos en total (diseno, animacion, tecnologia, film); a esta ficha le corresponden SOLO los ~6 de /courses/film - Diploma in Film and Content Creation, Diploma in Film and TV Production, Diploma in Screen and Stage Acting, Diploma in Drama (Screen Acting), Certificate in Creative Media y Certificate in Foundation Skills. Si la extraccion trae 30, se llevo el catalogo de todo Yoobee."
Te Pukenga,,nzist.ac.nz,New Zealand Institute of Skills and Technology (NZIST),"Ficha sin dominio. tepukenga.ac.nz redirige 301 a nzist.ac.nz: Te Pukenga fue RENOMBRADO a NZIST y ademas esta siendo DESMANTELADO - varias divisiones se independizaron el 1-1-2026 y las cuatro restantes (NorthTec, Tai Poutini, WITT y Whitireia & WelTec) salen antes del 1-1-2027. El sitio es corporativo/de gobernanza, NO un catalogo: solo tiene un directorio 'find a learning provider'. Esta ficha NO se puede extraer como institucion unica; si el cliente quiere los programas hay que abrir una ficha por politecnico (Ara, Otago Poly, Unitec, WelTec...). La ciudad 'Hamilton' de la ficha era la sede administrativa."
Trinity Catholic College,,trinity.school.nz,Trinity Catholic College,"Ficha sin dominio. Colegio catolico integrado al estado en Dunedin - la ciudad de la ficha esta bien, pero 'College Privado' no: es state-integrated, no privado. Si publica listado de asignaturas por nivel (/curriculum/subjects), con Te Timataka, opciones de Y7-9, core de Y10 y asignaturas NCEA de Y11-13. Cumplio 150 anos."
"UDIT Universidad de Diseño, Innovacion y Tecnologia",,udit.es,"UDIT - Universidad de Diseño, Innovacion y Tecnologia","La ficha no traia dominio. Es udit.es (ex-ESNE, universidad privada desde 2022). Sitio Gatsby/Griddo: el menu se arma por JS y las rutas obvias (/estudios/, /grados/, /oferta-academica/) dan 404 — el listado vive en /programas-udit/ y el conteo exacto sale del sitemap-programdetail.xml (44 fichas). Hay mas de lo que autoriza la ficha: FP de grado medio, un doctorado y campamentos de verano."
Universidad Catolica de Valencia,,ucv.es,Universidad Catolica de Valencia San Vicente Martir,"La ficha no traia dominio. Es ucv.es. Mas de 100 titulos entre grados (27), dobles grados (18) y postgrados. OJO: los cursos de idiomas NO estan en ucv.es sino en un dominio aparte del Instituto de Lenguas (institutodelenguas.es) — si se extrae solo ucv.es no aparece nada de idiomas."
Universidad Pontificia de Salamanca,,upsa.es,Universidad Pontificia de Salamanca,"La ficha no traia dominio ni ciudad. Es upsa.es, Salamanca (con sede tambien en Madrid). El listado se carga por JS y se filtra por categoria: grados, dobles grados, bachiller/licenciaturas eclesiasticas, masteres universitarios, masteres de formacion permanente y doctorados. La ficha dice 'todos' pero no hay idiomas ni high school."
SAE Institute Switzerland AG,,sae.edu,SAE Institute Switzerland,"La ficha no traia dominio. No existe un dominio suizo propio: la sede suiza vive dentro del sitio global en la ruta /che/ (sae.edu/che/), en aleman. Confirmados los dos campus de la ficha, Zurich (Buckhauserstrasse 24) y Ginebra. Los bachelors y masters no los otorga SAE sino la University of Hertfordshire como validating partner — dato relevante para como se venda."
BCUIC - Birmingham City University,bcuic.navitas.com,bcuic.bcu.ac.uk,Birmingham City University International College,"bcuic.navitas.com vive pero redirige a bcuic.bcu.ac.uk, que es el dominio bueno. OJO: es un pathway college de Navitas, no la universidad — no otorga titulos propios; son ~20 rutas de pregrado, ~14 de posgrado (pre-masters) y Pre-Sessional English, todas para progresar a un grado de BCU. La ficha dice 'posgrado' a secas: lo que se vende aqui es la ruta preparatoria, no el master."
BLC - Bristol Language Centre,,blc-english.com,Bristol Language Centre,"La ficha no traia dominio. Es blc-english.com (3 Portwall Lane, Redcliffe, Bristol BS1 6NB), acreditada British Council y activa — tiene cursos de verano publicados para 2026. AVISO PARA LA EXTRACCION: el sitio esta detras de un muro anti-bot (Anubis, within.website) que devuelve 406 a curl y errores de protocolo a los fetchers, incluso con User-Agent de Chrome, cabeceras Sec-Fetch-* o Googlebot. Va a necesitar navegador real, no HTTP pelado."
Bournemouth University,,bournemouth.ac.uk,,"La ficha no traia dominio. bournemouth.ac.uk vive y es la universidad; ojo que NO esta en Bournemouth ciudad sino en Fern Barrow, Poole (Dorset). El catalogo se abre en /courses partido en tres listados (undergraduate, postgraduate taught, postgraduate research) mas foundation degrees; no hay un listado plano unico. El pathway que autoriza la ficha lo entrega Bournemouth University International College (Kaplan), que es sitio aparte y no cuelga de este catalogo. www.bournemouth.ac.uk/study/courses da 403 a fetch pelado y 200 con User-Agent de Chrome, redirigiendo a /courses."
Brunel University,,brunel.ac.uk,Brunel University of London,"La ficha no traia dominio. Correccion de nombre: desde 2024 se llama Brunel University OF London (antes Brunel University London). Campus unico en Uxbridge, oeste de Londres. El buscador filtra por nivel: foundation, pregrado, posgrado, research degrees, pre-Masters y CPD, y no declara total; el listado es A-Z."
Bucksmore Education,,bucksmore.com,Bucksmore Education,"La ficha no traia dominio ni categoria. NO es un colegio ni una universidad: es un operador de cursos de verano y tutoria para 11-17 anos que alquila sedes ajenas (OIC Brighton, King's College London, d'Overbroeck's y St Hilda's en Oxford, St Catharine's en Cambridge). Unas 44 opciones entre English Foundation (9), Young Professionals (11), Pre-University (14) y home tuition (10). No emite titulos propios; nada de pregrado ni posgrado."
Cardiff University,isc.cardiff.ac.uk,cardiff.ac.uk,,"El dominio de la ficha, isc.cardiff.ac.uk, VIVE pero es solo el International Study Centre que opera Study Group: unas 5 fichas de pathway (International Foundation Year, foundation acelerado de 22 semanas, International Year One, Pre-Master's y preparacion de ingles). NO es el catalogo de la universidad. Para el posgrado que autoriza la ficha hay que ir a cardiff.ac.uk. Ciudad de la ficha mal expresada: Gales es el pais, la ciudad es Cardiff."
"City St Georges, University of London",city.ac.uk,citystgeorges.ac.uk,"City St George's, University of London","city.ac.uk responde 301 a citystgeorges.ac.uk: fusion de City, University of London con St George's (2024), no es una caida. El catalogo se parte en undergraduate, foundation, postgraduate taught, postgraduate research y short courses. OJO: /study da 403 a fetch pelado y cede con User-Agent de Chrome. Idiomas: la ficha autoriza 'idiomas' pero en el sitio solo se ven short courses de lenguas y pre-sessional, no un instituto de ingles general."
"City, University of London",,citystgeorges.ac.uk,"City St George's, University of London","DUPLICADA: es la misma institucion que la ficha 'City St Georges, University of London' de este mismo lote. La ficha no traia dominio; el nombre 'City, University of London' dejo de existir en 2024 al fusionarse con St George's. Consolidar las dos fichas antes de extraer o el catalogo saldra por duplicado."
Cranfield University,,cranfield.ac.uk,Cranfield University,"La ficha no traia dominio ni ciudad. Cranfield es EXCLUSIVAMENTE de posgrado: no tiene pregrado. El sitio declara 100+ titulaciones y 400+ cursos de desarrollo profesional. Dos campus, Cranfield (Bedfordshire) y Shrivenham (Defence Academy). Si existe pre-Master's, asi que el 'pathway' de la ficha se sostiene."
English Studio,,englishstudio.com,The English Studio,"La ficha no traia dominio ni ciudad. Es una escuela de ingles en LONDRES (junto al British Museum), abierta desde 1997. Catalogo corto: General English, Intensive, Business English, IELTS, versiones nocturnas, cursos online y Young Learners day school. OJO: la home tiene parrafos de SEO spam insertados (casinos online, noticias deportivas de New Jersey) que no son contenido academico; filtrarlos al extraer. Tuvo sede en Dublin y el sitio conserva una pagina de visado irlandes, pero en Locations solo aparece Londres."
Guildford College of Further and Higher Education,,guildford.activatelearning.ac.uk,Guildford College (Activate Learning),"La ficha no traia dominio. guildford.ac.uk responde 301 a guildford.activatelearning.ac.uk: el college se integro al grupo Activate Learning y ya no tiene sitio propio; el catalogo esta bajo el dominio del grupo. OJO con lo que autoriza la ficha: lo unico de idiomas es ESOL, pensado para residentes en UK, no un instituto de ingles para estudiantes internacionales. El grueso son cursos vocacionales, A Levels y aprendizajes. El sitio da 403 a fetch pelado y cede con User-Agent de Chrome."
Liverpool John Moores University,ljmuisc.com,ljmu.ac.uk,,"El dominio de la ficha, ljmuisc.com, NO es la universidad: es el LJMU International Study Centre operado por Study Group, que solo vende pathway (International Foundation Year, International Year One, Pre-Masters y pre-sessional English). puede_vender incluye posgrado y eso solo lo da ljmu.ac.uk. Conte 824 fichas de curso en el sitemap (455 pregrado + 369 posgrado). Si el cliente quiere el pathway, ljmuisc.com sirve; para posgrado hay que usar ljmu.ac.uk."
MANCHESTER METROPOLITAN UNIVERSITY INTERNATIONAL COLLEGE,,mmu.ac.uk,The International College (Manchester Metropolitan University),"Ficha sin dominio. El college NO tiene dominio propio: vive como seccion de la universidad en mmu.ac.uk/international/college. CUIDADO EN LA EXTRACCION: si se extrae del root sale el catalogo entero de Manchester Met firmado como el college. Solo 3 lineas de producto (Foundation, International Year One, Pre-Masters) con ramas por area; los 'mas de 90 grados de progresion' que anuncia son de la universidad, no del college. mmu.ac.uk devuelve challenge de Cloudflare a fetchers simples."
Northumbria University,,northumbria.ac.uk,,"Ficha sin dominio. northumbria.ac.uk vive y lista ~540 fichas de curso en /study-at-northumbria/ (268 BSc, 146 BA, ~230 MSc/MA, 32 degree apprenticeships, 14 foundation). /study-at-northumbria/courses/ redirige a esa pagina y /course-search/ es 404. puede_vender='todos' pero en el sitio no se ve oferta de idiomas independiente ni high school. La pagina pesa 800 KB y puede dar timeout a 30s."
Nottingham Trent University,,ntu.ac.uk,,"Ficha sin dominio. ntu.ac.uk vive pero sus subpaginas devuelven 403 de Cloudflare con UA generico: hace falta UA de Chrome + Sec-Fetch-* + Referer del mismo dominio (la portada si responde directa). El buscador es Funnelback: search.json de ntu-search.funnelback.squiz.cloud da totalMatching=748 en la coleccion ntu~sp-courses (incluye cursos cortos). El pathway de puede_vender lo vende Nottingham Trent International College, de otro operador, que no cuelga de ntu.ac.uk."
Oxford School of English,,oxfordschoolofenglish.com,Oxford School of English,"Ficha sin dominio; confirmado por direccion en la propia web (Oxford OX1 2BZ), coincide con la ciudad de la ficha. 8 productos: General English, Business English for Executives, Cambridge Exam, IELTS, Teacher Refresher Courses, Professional English, Academic Year Programme y Oxford Summer School. Sitio multiidioma (tiene /es/)."
St Clares Oxford,,stclares.ac.uk,"St Clare's, Oxford","Ficha sin dominio, sin categoria y sin puede_vender. www.stclares.ac.uk devuelve 403 a fetchers pelados: responde con UA de Chrome + Sec-Fetch-*. NO hay una pagina indice de cursos: el sitio son cuatro micrositios con prefijo en la URL (/ib-*, /ic-*, /summer-*, /tt-*) y las ~28 fichas de programa hay que sacarlas del sitemap.xml (352 URLs). Es a la vez colegio IB, pathway universitario, escuela de verano y centro de formacion de profesores."
The University of Law,,law.ac.uk,The University of Law,"Ficha sin dominio, sin categoria y sin puede_vender. law.ac.uk vive y es la institucion. Conte 12 fichas de pregrado y 28 de posgrado/profesional. No es solo derecho: tambien vende business, psicologia y criminologia. Multi-campus (Londres, Birmingham, Bristol, Leeds, Manchester, Nottingham, Sheffield, Exeter, Newcastle, Liverpool, Guildford), asi que la ficha sin ciudad no se completa con una sola."
University of Birmingham,,birmingham.ac.uk,University of Birmingham,"Ficha sin dominio. birmingham.ac.uk devuelve 403 con UA generico y 200 con UA de Chrome + Sec-Fetch-*. OJO: /study/undergraduate/courses y /study/postgraduate/courses son 404 y el sitemap.xml (8.102 URLs) NO incluye las fichas de curso. Hay que recorrer las paginas de materia: 45 en pregrado (235 cursos sumados) y 50 en posgrado (274 cursos), total 509. El pathway y el ingles viven en /international/bia (Birmingham International Academy)."
California State University (CSU) San Marcos,,catalog.csusm.edu,California State University San Marcos,"FICHA DUPLICADA: es la misma institucion que 'California State University San Marcos' de este mismo lote, que si trae dominio (csusm.edu). Consolidar antes de extraer o el catalogo saldra dos veces. El catalogo no esta en csusm.edu sino en el subdominio catalog.csusm.edu (Acalog): /academics/ y /admissions/majors-and-programs/ son solo redirecciones meta-refresh hacia alli. No pude contar los programas porque catalog.csusm.edu/content.php esta detras de AWS WAF y devuelve 202 con challenge JS (la portada y /index.php si responden 200); hara falta navegador headless."
California State University San Marcos,csusm.edu,catalog.csusm.edu,California State University San Marcos,"csusm.edu vive y es la universidad, pero es solo portada: el catalogo entero esta en el subdominio catalog.csusm.edu (Acalog), al que /academics/ redirige por meta-refresh. AVISO PARA LA EXTRACCION: catalog.csusm.edu/content.php y /preview_program.php estan detras de AWS WAF y devuelven 202 con challenge JS a cualquier fetcher (r.jina.ai tambien cae); solo la portada y /index.php dan 200. Por eso no hay cantidad_aprox: hace falta navegador headless. Cuatro colleges: Business Administration; Education, Health and Human Services; Humanities, Arts, Behavioral and Social Sciences; STEM. Ficha duplicada con 'California State University (CSU) San Marcos' del mismo lote."
DePaul University,globalgateway.depaul.edu,depaul.edu,,"globalgateway.depaul.edu ya NO es un sitio de DePaul: hace 301 a students.studygroup.com/study-options/direct-admit/depaul-university, propiedad de Study Group, que solo lista ~13 carreras de admision directa para internacionales. El catalogo real (128 majors de pregrado + 145 programas de posgrado) esta en depaul.edu. Extraer del dominio de la ficha da el recorte de un tercero."
James Madison University,isc.jmu.edu,jmu.edu,James Madison University International Study Center,"isc.jmu.edu vive pero es el centro pathway operado por STUDY GROUP (asi lo dice el pie: 'Maintained by Study Group') y solo publica 2 productos: International Year y Direct Admission. El catalogo de JMU (130+ programas) esta en jmu.edu; los majors de pregrado en /academics/undergraduate/majors/. Extraer del dominio de la ficha da 2 filas, no un catalogo."
College of the Canyons,,canyons.edu,,"La ficha no traia dominio: es canyons.edu, y OJO el apex no responde (curl 000), solo www.canyons.edu. Esta en Santa Clarita, CA, con campus Valencia y Canyon Country; la ficha dice 'Canyon'. La portada declara 105 titulos y 204 certificados. El catalogo navegable vive en el SUBDOMINIO canyons.programmapper.ws y es una SPA de JavaScript (2.4 KB de HTML): sin navegador no se extrae nada. Alternativa estatica: www.canyons.edu/administration/instruction/catalog/. Solo hay un bachelor (BS Building Performance)."
ELS,,els.edu,"ELS Language Centers (ELS Educational Services, Inc.)","La ficha no traia dominio ni ciudad. No es una escuela sino una CADENA con 10 centros en EE.UU. (Cincinnati, Cleveland, Houston, Los Angeles County, Melbourne FL, Nashville, Philadelphia, San Francisco North Bay, St. Paul-Minneapolis, St. Petersburg), hoy propiedad de ILSC Education Group. El catalogo son 6 programas que se repiten en cada sede: extraer sin filtrar por centro produce duplicados."
FIU - Florida International University,,fiu.edu,Florida International University,"La ficha no traia dominio: es fiu.edu, en Miami, FL. El sitio declara mas de 190 titulos / 200 programas en 12 colleges. puede_vender=[posgrado] se queda corto, el catalogo publica pregrado y posgrado por igual."
FIU English Language Institute,,eli.fiu.edu,FIU English Language Institute (ELI),"La ficha no traia dominio: el instituto vive en el subdominio eli.fiu.edu (WordPress), no en fiu.edu. OJO extraccion: devuelve 403 a un fetcher sin cabeceras de navegador; con User-Agent de Chrome + Sec-Fetch-* responde 200. Ademas de ~8 programas de ingles (Intensive English, Intensive Conversation, TOEFL Prep, General English, Accent Reduction, English for Professionals, custom, TEFL) ensena 10 idiomas extranjeros bajo /languages/, que no son parte de puede_vender=[idiomas] entendido como ingles."
Fairfax Christian School,,fairfax-christian-school.com,The Fairfax Christian School,"La ficha no traia dominio. CUIDADO con el dominio obvio: fairfaxchristianschool.com (sin guiones) resuelve por DNS pero no sirve HTTPS; solo por HTTP redirige al bueno, que es fairfax-christian-school.com. Esta en DULLES, VA (no en Fairfax), sirve de K4 a grado 12 y tiene programa internacional con ESL. No publica catalogo de cursos: solo destaca 20+ AP y dual enrollment, asi que la extraccion no va a encontrar un listado."
Fisher College,,fisher.edu,Fisher College,"La ficha no traia dominio: es fisher.edu, en Boston, MA (118 Beacon Street). El directorio esta filtrado por tipo de titulo y formato. puede_vender=[pregrado] se queda corto: tambien hay associate, masters (MBA, MS, MA, M.Ed) y certificados."
Inlingua Washington,,idc.edu,inlingua Washington DC / English Unlimited,"La ficha no traia dominio. TRAMPA: inlinguadc.com responde 200 pero NO es el sitio: son 2.5 KB de una plantilla de 'proximamente' con lang='tr' y un reloj de arena, dominio parqueado. El sitio real es idc.edu (Arlington, VA, area de Washington DC), acreditado por CEA y centro oficial de examen IELTS. Ensena tambien espanol, arabe, chino, frances, aleman y ruso."
LIUBrooklyn,,liu.edu,Long Island University - Brooklyn Campus,"La ficha no traia dominio. No hay dominio propio de campus: LIU unifico todo en liu.edu y Brooklyn es la ruta /brooklyn. DUPLICADO: comparte dominio con la ficha 'LIUPost' de este mismo lote; hay que extraer por ruta de campus o los dos catalogos se mezclan. puede_vender=[todos] incluye idiomas, que no aparece en /brooklyn/academics."
LIUPost,,liu.edu,Long Island University - Post Campus,"La ficha no traia dominio. Mismo caso que LIUBrooklyn: no hay dominio de campus, todo cuelga de liu.edu bajo /post. El campus esta en Brookville, Long Island, NY. DUPLICADO de dominio con la ficha 'LIUBrooklyn' de este lote: separar por ruta o se mezclan los catalogos."
Los Angeles City College,,lacc.edu,Los Angeles City College,"La ficha no traia dominio: lacitycollege.edu hace 301 a lacc.edu. La categoria de la ficha es incorrecta: NO es 'College Privado', es un community college PUBLICO del distrito LACCD. OJO extraccion: la pagina de areas de estudio pagina por AJAX de Drupal (el HTML plano solo entrega 18 de ~85 areas, de la A a la C) y devuelve 403 a fetchers sin cabeceras de navegador; la fuente fiable es el College Catalog en /academic-resources/college-catalog."
Loyola University,,loyno.edu,Loyola University New Orleans,"La ficha no traia dominio. La ciudad ('Nueva Orleans') es lo que desambigua: hay varias Loyola en EE.UU. (Chicago, Maryland, Marymount) y esta es Loyola University New Orleans, loyno.edu. Ojo: /academics/programs-degrees redirige a /programs-degrees. puede_vender=[pregrado] se queda corto: hay posgrado, doctorado y facultad de derecho."
Mercer University,,mercer.edu,,"La ficha no traia dominio. mercer.edu vive y declara 180+ programas en 12 escuelas. OJO con la ciudad de la ficha: 'Georgia' es el estado, no la ciudad; el campus principal es Macon, GA, con sedes adicionales en Atlanta, Savannah y Columbus. El catalogo esta en /academics/program-finder, no en la portada."
Montana State University,,montana.edu,,"La ficha no traia dominio. montana.edu vive y es Montana State University, campus Bozeman ('Montana' en la ficha es el estado). El catalogo esta en el SUBDOMINIO catalog.montana.edu (edicion 2026-2027), no en la portada. CUIDADO al extraer: existen otras tres 'Montana State University' con catalogo propio y distinto (Billings en catalog.msubillings.edu, Northern en catalog.msun.edu y Great Falls); la ficha autoriza posgrado, que aqui son 120+ programas de The Graduate School."
Montclair State University,,montclair.edu,,"La ficha no traia dominio ni ciudad. montclair.edu vive y es Montclair State University, en Montclair, Nueva Jersey (mas campus en Bloomfield). 300+ majors, minors y concentraciones en 15 escuelas. Existe ademas montclair.intostudy.com, el portal de pathway de INTO, que es sitio APARTE y no cuelga de este catalogo: no mezclar los dos al extraer."
New England College,nec.intostudy.com,nec.edu,,"MUERTO QUE PARECE VIVO, a medias: nec.intostudy.com (el dominio de la ficha) responde 200 con 272KB y logo de New England College, pero es el portal de INTO University Partnerships y su catalogo esta VACIO: /en/search devuelve '0 results - No programs found' y /en/degrees es solo pagina de marketing sin un solo programa (la cifra '60+ undergraduate y 20+ graduate' de la portada es copy, no listado). /en/courses da 404. Extraer de ahi produce cero programas. El catalogo real esta en nec.edu (Henniker, New Hampshire): unos 220 programas en 28 areas, con asociados, bachelor, master, doctorados y pre-college. La ficha autoriza 'todos', asi que nec.edu es el dominio correcto."
Pace University,,pace.edu,,"La ficha no traia dominio ni ciudad. pace.edu vive y es Pace University: campus en Nueva York, Westchester y Haub Law. El buscador tiene 200+ opciones entre majors, minors, combinados, certificados y two-year degrees; ojo que /find-your-program pelado da 404, hay que entrar por /find-your-program/undergraduate o /graduate. AVISO IMPORTANTE: la ficha solo autoriza 'pathway' y el pathway NO se publica en pace.edu; lo opera Kaplan International Pathways (Global Pathways de pregrado y posgrado) y su catalogo vive en kaplanpathways.com, sitio de un tercero. Confirme el cliente con quien tiene el acuerdo antes de extraer. pace.intostudy.com es NXDOMAIN: INTO no es el proveedor."
Pacific International Academy,,piaschools.edu,,"La ficha no traia dominio. piaschools.edu vive y es Pacific International Academy, en 5000 N. Willamette Blvd, Portland, Oregon, dentro del campus de University of Portland. 6 ofertas (Intensive English, Service Learning, Community English nocturno, cursos grupales tipo Experience America, Study Support y cursos online) sobre 5 niveles de principiante a avanzado, con cuatro clases por termino. Acreditada por ACCET y miembro de English USA, habilitada para visa F-1. Solo idiomas, coherente con puede_vender."
Pepperdine University (Graziadio Business School),,bschool.pepperdine.edu,Pepperdine Graziadio Business School,"La ficha no traia dominio. La escuela de negocios NO esta en la portada de pepperdine.edu sino en el subdominio bschool.pepperdine.edu (servido por CloudFront), que vive y es la Pepperdine Graziadio Business School, en Malibu, California, con sedes adicionales en el sur del estado. Unas 10 rutas: DBA, MBA full-time, part-time y executive, varios MS (Applied Finance, Business Analytics, Global Business, Human Resources, Management and Leadership, Real Estate, Organization Development), bachelor completion, dobles titulaciones y educacion ejecutiva. Coherente con puede_vender posgrado. Hay comparador en /programs/comparison."
REFORMED UNIVERSITY,,runiv.edu,Reformed University,"La ficha no traia dominio. El dominio obvio reformeduniversity.edu es NXDOMAIN contra 8.8.8.8: el bueno es runiv.edu, que vive y se titula 'Reformed University'. Correccion de ciudad: no esta en Atlanta sino en Lawrenceville, Georgia (1724 Atkinson Rd), area metropolitana de Atlanta. Es una universidad cristiana pequena y su catalogo es minusculo: 5 programas (BA Business, BA Theology Studies, MBA, Master of Divinity y MA Leadership Studies) mas certificados y diplomas, con un programa online en coreano desde otono 2026. Si la extraccion devuelve mas de 10 programas, algo se colo de otro sitio. Verificar acreditacion con el cliente antes de venderla como universidad."
RPI ensselaer Polytechnic Institute,rpi.intostudy.com,rpi.edu,Rensselaer Polytechnic Institute,"Dos arreglos. Nombre: la ficha dice 'RPI ensselaer', le falta la R, es Rensselaer Polytechnic Institute. Dominio: rpi.intostudy.com responde 200 con 351KB y logo de RPI, pero es el portal de INTO University Partnerships y su catalogo esta VACIO, igual que el de New England College en este mismo lote: /en/search da '0 results - No programs found' y /en/degrees solo nombra las cinco escuelas sin un solo programa concreto. El catalogo real esta en rpi.edu/academics, unos 100 programas (40 bachelor, 35 master, 25 doctorado) en Arquitectura, Ingenieria, Ciencias, Lally School of Management y HASS. Ciudad de la ficha imprecisa: RPI esta en Troy, Nueva York, no en la ciudad de Nueva York. El catalogo detallado catalog.rpi.edu tiene proteccion anti-bot: devuelve 202 con cuerpo vacio a curl, hay que leerlo desde navegador."
Rutgers University – Camden,,camden.rutgers.edu,Rutgers University-Camden,"La ficha no traia dominio. El campus de Camden no cuelga de rutgers.edu como ruta sino del SUBDOMINIO camden.rutgers.edu, que vive. 38 carreras de pregrado y 29 programas de posgrado, mas minors, certificados y titulos conjuntos. Camden, Nueva Jersey (la ficha dice 'Nueva Jersey', que es el estado). CUIDADO al extraer: Rutgers tiene tres campus con catalogos distintos e incompatibles (New Brunswick en rutgers.edu, Newark en newark.rutgers.edu y este); traer programas del campus equivocado es el error facil aqui."
Saint George´s University,,sgu.edu,St. George's University,"ERROR DE PAIS EN LA FICHA, importante para visado y para el asesor. La ficha no traia dominio y dice USA / Nueva York; sgu.edu vive y es St. George's University, pero su campus esta en GRANADA (Grenada), Antillas Occidentales, en el Caribe. La direccion de Great River, Nueva York es solo la oficina de admisiones para Estados Unidos, no un campus. Unos 40 programas en cuatro escuelas: School of Medicine (MD de 4 a 7 anos, BSc/MD, MD/MPH, MD/MSc, PhD medico), School of Veterinary Medicine (DVM de 4 a 7 anos y dobles con MPH, MSc y MBA), School of Arts & Sciences (11 de pregrado) y School of Graduate Studies (10+, con MBA, MPH, MA, MSc y PhD). La ficha autoriza 'todos'."
Saint Louis University,,slu.edu,,"La ficha no traia dominio ni ciudad. slu.edu vive y es Saint Louis University, en St. Louis, Misuri. 97 programas de bachelor y 126 de master y doctorado. TRAMPA DE SUBDOMINIO: el catalogo completo esta en catalog.slu.edu/programs, no en la portada. OJO al extraer, la ficha autoriza 'todos': SLU tiene un campus propio en Madrid, Espana (SLU-Madrid) con oferta parcialmente distinta; si el cliente quiere vender Madrid hay que fichar ese campus aparte y no mezclarlo con el catalogo de Misuri."
Simmons University,,simmons.edu,Simmons University,"La ficha no traia dominio ni ciudad. simmons.edu vive (Cloudflare, 200 con UA de Chrome) y es Simmons University, Boston MA (Fenway). El listado 'Find a Program' es plano A-Z, ~130 fichas entre majors, minors, concentrations, masters, doctorados y certificados; conte 97 enlaces unicos en el HTML crudo, asi que parte del listado se pinta por JS: si la extraccion trae menos de 90 se quedo corta. OJO CONTRA LA FICHA: puede_vender dice 'pathway' y en el sitio NO se ve ningun pathway, foundation, bridge ni instituto de ingles; Simmons solo tiene servicios de apoyo para internacionales. Validar con el cliente de donde sale ese pathway antes de vender."
St. Thomas University,,stu.edu,St. Thomas University,"La ficha no traia dominio. stu.edu vive y es la St. Thomas University catolica de MIAMI GARDENS, FL (no Miami ciudad, corregir). OJO AL HOMONIMO: existen al menos otras dos con ese nombre (St. Thomas University de Fredericton, Canada, stu.ca, y University of St. Thomas de Minnesota, stthomas.edu); esta es la de Florida, con College of Law propio. Listado en /programs/ organizado por colleges (nursing, business, health sciences, liberal arts) mas online."
Summer Discovery,,summerdiscovery.com,"Summer Discovery (Musiker Discovery Programs, Inc.)","La ficha no traia dominio ni ciudad. NO es una institucion con sede propia: es un operador de programas de verano que alquila campus ajenos (UPenn Carey Law, Yale, Cornell, Dartmouth, University of Oregon; declara 15+ campus en Norteamerica y Europa). Declara 300+ cursos, precios USD 4.499-11.999. No emite titulos: la ficha dice puede_vender 'todos' y eso es falso, aqui solo hay vacacional/pre-college. Razon social Musiker Discovery Programs, Inc."
Texas A&M University-Corpus Christi,isc.tamucc.edu,tamucc.edu,Texas A&M University-Corpus Christi,"HALLAZGO: isc.tamucc.edu VIVE y es de esta universidad, pero es el International Study Center que opera STUDY GROUP y NO PUBLICA UN SOLO PROGRAMA. Su sitemap completo son 28 URLs: admisiones, tasas, visado, alojamiento, vida en campus y blog. Cero paginas de curso, cero seccion /programs o /courses. Para el posgrado que autoriza la ficha hay que ir a tamucc.edu/programs/index.php ('Program Finder'), que ademas se pinta por JavaScript (el HTML crudo no trae enlaces a fichas de programa). Ciudad de la ficha mal: es Corpus Christi, no 'Texas'."
Texas State University,intostudy.com,txst.edu,Texas State University,"DOMINIO DE LA FICHA MAL PUESTO: 'intostudy.com' es el portal corporativo global de INTO University Partnerships, no un sitio de Texas State; si se extrae de ahi salen programas de otras universidades. Comprobado ademas que txst.intostudy.com SI resuelve en DNS pero devuelve 404 - no hay centro INTO propio, y el portal de socios de INTO lista hoy a Texas State solo como 'Direct Entry only Partner University'. El catalogo real vive en txst.edu (dominio espejo txstate.edu, misma IP): mycatalog.txstate.edu es el catalogo academico completo, admissions.txst.edu/life-at-txst/majors-and-degrees.html el de pregrado y gradcollege.txst.edu/programs.html el de posgrado. Ciudad real San Marcos, TX. El 'idiomas' que autoriza la ficha no aparece en el sitio."
Texas Wesleyan University,,txwes.edu,Texas Wesleyan University,"La ficha no traia dominio ni puede_vender. txwes.edu vive y es Texas Wesleyan University, FORT WORTH, TX (la ficha solo dice 'Texas'). El catalogo formal esta en un SUBDOMINIO, catalog.txwes.edu; las paginas de marketing son txwes.edu/academics/undergraduate-majors/ y /academics/graduate-programs/. Universidad chica: 30+ majors de pregrado, 18 de posgrado y 4 doctorados, en cuatro escuelas."
The Language Company (TLC),,tlc.edu,The Language Company,"La ficha no traia dominio. OJO: thelanguagecompany.com responde 301 a tlc.edu - es el mismo sitio, no una caida, pero el dominio bueno es tlc.edu. Ademas /  da 403 a WebFetch y 200 con User-Agent de Chrome. Catalogo de 6 items en /programs/ (anclas #intensive, #semiintensive, #private, #special) mas el pathway 'University PASS'. HALLAZGO CRUZADO CON ESTE MISMO LOTE: solo tiene DOS sedes y ambas dentro de campus ajenos - TLC-Dallas/Fort Worth dentro de TEXAS WESLEYAN UNIVERSITY y TLC-Edmond dentro de University of Central Oklahoma; la oficina central esta en Edmond, OK. Eso confirma la ciudad 'Texas, Oklahoma' de la ficha y lo enlaza con la ficha Texas Wesleyan University de este lote."
The University of Arizona,,arizona.edu,The University of Arizona,"DUPLICADA: es la misma institucion que la ficha 'University of Arizona' (Tucson) de este mismo lote; consolidar antes de extraer o el catalogo saldra por duplicado. FALSO MUERTO: arizona.edu y www.arizona.edu NO resuelven desde el resolver local (timeout) pero SI tienen registro A contra 8.8.8.8 (23.185.0.4, mas IPv6); con --resolve responde 200 y es la universidad de Tucson. El catalogo esta en un SUBDOMINIO, catalog.arizona.edu (plataforma Coursedog), y tanto ese como www.arizona.edu/degree-search se pintan por JavaScript: el HTML crudo no trae ni un enlace de programa, asi que la cantidad 300 es estimacion, no conteo. Programas online aparte en online.arizona.edu/programs/all."
Towson University,,towson.edu,Towson University,"La ficha no traia dominio. towson.edu vive y es Towson University, Towson MD (area de Baltimore; la ficha solo dice 'Maryland'). El catalogo esta partido: /academics/undergraduate/majors/ declara 110+ majors, concentraciones y tracks, y /academics/graduate/programs/ lleva el posgrado. OJO: las URLs con /index.html responden 301 a la version sin el, y redirigen a http:// - seguir la redireccion. Sobre el 'pathway' que autoriza la ficha: lo que Towson publica es un ACCELERATED PATHWAY interno de pregrado a posgrado, no un foundation internacional de tercero (no hay Navitas/Shorelight/INTO); el ingles lo da su propio English Language Center. Verificar que sea eso lo que el cliente cree vender."
USA Private School,,usaprivateschool.com,"USA Private School International Services, Corporation","Ficha sin dominio, sin ciudad, sin categoria y sin puede_vender. IDENTIFICACION POR NOMBRE EXACTO, verificar con el cliente antes de extraer: usaprivateschool.com vive y es 'USA Private School Group', oficina en 244 Fifth Ave, Nueva York, que coloca internacionales en 11 colegios privados socios (LA 5, Boston 2, Nueva York 1, Florida 1, Pennsylvania 1, Atlanta 1: Saint Joseph HS, Saint Monica Prep, St. Pius X-St. Matthias, Fairmont Private Schools, Bishop Guertin, The Knox School, Creekside Christian, Saint John Bosco, Erie Prep, Melbourne Central Catholic y St. Thomas Aquinas). NO es un colegio: es una red de colocacion; lo extraible son 11 colegios, no programas academicos. TRAMPAS DESCARTADAS: usaprivateschools.com y privateschoolusa.com dan 200 OK con 114 bytes y redirigen por JS a /lander (parking); no usarlos."
University of Connecticut,,uconn.edu,University of Connecticut,"La ficha no traia dominio ni ciudad: es UConn, campus principal en STORRS, CT. El catalogo esta en el SUBDOMINIO catalog.uconn.edu, partido en /undergraduate/programs/ y /graduate/programs/ mas un A-Z Index; el listado se pinta por JavaScript (solo 1 enlace de programa en el HTML crudo), asi que 125 sale de lo que declara la propia universidad, no de un conteo. SOBRE EL 'pathway' DE LA FICHA: NO hay foundation de tercero (ni Shorelight, ni INTO, ni Navitas, ni Kaplan) visible en el sitio; lo que existe es el UConn American English Language Institute (UCAELI), en OTRO subdominio, englishlanguage.institute.uconn.edu. Si el cliente vende 'pathway UConn', es eso, y hay que confirmarlo."
University of Hartford,pathways.hartford.edu,hartford.edu,University of Hartford,"El dominio de la ficha, pathways.hartford.edu, VIVE pero es solo el International Pathway Program que opera STUDY GROUP: dos fichas en total, International Year (2, 3 o 4 semestres) y Master's International Year (2 o 3 semestres), mas ingles pre-sessional en el English Language Institute. NO es el catalogo de la universidad. Como la ficha autoriza 'todos', el catalogo bueno es hartford.edu/programs-of-study/default.aspx: 100 programas de pregrado y 64 de posgrado en seis escuelas (Hillyer, Barney, ENHP, CETA, The Hartt School, Hartford Art School). OJO: ese listado tambien se filtra por JavaScript ('Showing __ Programs'), y /academics/programs-of-study/default.aspx NO existe - la ruta buena es sin /academics/."
University of Illinois Chicago (UIC),,uic.edu,University of Illinois Chicago,"La ficha no traia dominio; la ciudad dice 'Illinois' y es CHICAGO. uic.edu vive. El catalogo vive en el SUBDOMINIO catalog.uic.edu, partido en /ucat/ (pregrado) y /gcat/ (posgrado y profesional), con un indice A-Z en /azindex/ que SI trae los enlaces en el HTML crudo: conte 1022 URLs unicas a ucat/gcat, de las cuales 178 terminan en patron claro de titulacion (/bs/, /ms/, /phd/, /dnp/...). El resto son paginas de colegio y de politicas. Ese A-Z es la mejor entrada para extraer; hay ademas PDF completos del catalogo 2026-2027 en nextcatalog.uic.edu."
University of Illinois Springfield (UIS),,uis.edu,University of Illinois Springfield,"La ficha no traia dominio; la ciudad dice 'Illinois' y es SPRINGFIELD. uis.edu vive. OJO CON LA URL: /academics/programs es 404 y /academics/programs-study redirige a /academics/programs-of-study, que es la buena. El sitio declara 59 programas de pregrado y 48 de posgrado mas el doctorado en Public Administration y certificados (~108), y 51 titulaciones online. El listado de la pagina se filtra por JavaScript: en el HTML crudo solo hay 2 enlaces internos, asi que la cifra es la declarada, no un conteo."
University of Mississippi (Ole Miss),,olemiss.edu,,"La ficha no traia dominio. olemiss.edu vive y es Ole Miss. Ciudad de la ficha mal: 'Misisipi' es el estado, el campus esta en Oxford, MS (direccion postal University, MS 38677). El buscador olemiss.edu/programs es JS y a fetch pelado no devuelve ni un programa; el listado estatico y completo esta en catalog.olemiss.edu/programs, con 102 titulos de pregrado desglosados por enfasis. El catalogo de posgrado responde 403 con reto de Cloudflare, asi que el total real ronda los 200."
University of Nebraska at Omaha,,unomaha.edu,,"La ficha no traia dominio. Ciudad de la ficha mal: 'Nebraska' es el estado, la ciudad es Omaha. El buscador si renderiza en HTML: 340 fichas unicas entre bachelors, masters, doctorados, minors y certificados (la propia UNO anuncia '200+' titulos, la diferencia son minors y certificados)."
University of Science and Arts of Oklahoma,,usao.edu,,"La ficha no traia dominio. Ciudad de la ficha mal: 'Oklahoma' es el estado, la universidad esta en Chickasha, OK. El catalogo NO cuelga de usao.edu sino del subdominio SmartCatalog: 36 majors (BA/BS/BFA), 34 minors y una seccion de certificados y micro-credenciales. Es exclusivamente de pregrado, no hay posgrado; coherente con puede_vender."
University of Tulsa,,utulsa.edu,The University of Tulsa,"La ficha no traia dominio. Hallazgo que importa: la ficha SOLO autoriza 'pathway' y el sitio hoy no publica ningun pathway. El subdominio global.utulsa.edu, donde vivia el English Institute for International Students, redirige a utulsa.edu/academics/global-engagement/, que es study abroad, no preparacion de ingles. El buscador /programs es JS; los 66 programas se leen de la API WordPress /wp-json/wp/v2/degree."
University of Wisconsin- Stout,,uwstout.edu,University of Wisconsin-Stout,"La ficha no traia dominio. Ciudad de la ficha mal: 'Wisconsin' es el estado, el campus esta en Menomonie, WI. El catalogo esta partido en dos paginas: 155 entradas de pregrado (majors, minors y certificados) y 51 de posgrado en /academics/graduate-degrees. Ojo que /academics/programs devuelve 404 pese a estar enlazado desde textos viejos."
Virginia Tech (Advantage VT),,vt.edu,Virginia Polytechnic Institute and State University,"La ficha no traia dominio y la categoria esta mal: Virginia Tech es universidad publica land-grant, no 'College Privado'. AdvantageVT no vive en vt.edu sino en el subdominio del Language and Culture Institute, lci.vt.edu/Programs.html, que lista 7 programas (AdvantageVT pregrado, AdvantageVT-Master's, Intensive English, Conditional Admission, English Essentials, International Spouses y clases de idiomas para staff). Los titulos que autoriza la ficha estan aparte: 150+ majors de pregrado en vt.edu/academics/majors.html."
Adelphi University,,adelphi.edu,,"La ficha no traia dominio ni pais ni ciudad: Adelphi esta en Garden City, NY (Long Island), EEUU. El buscador /programs es JS y a fetch pelado solo suelta una decena de enlaces sueltos a onlineprograms.adelphi.edu; el inventario real se saca del program-sitemap.xml, que trae 225 paginas de programa. Ojo: catalog.adelphi.edu (Acalog) responde 202 con reto anti-bot en content.php, asi que no sirve como fuente de extraccion."
American Collegiate,,americancollegiate.com,American Collegiate (en alianza con Shorelight),"Hallazgo importante: NO es una universidad, la categoria de la ficha esta mal. Es un programa de transferencia de Shorelight con sede en Boston (2 Seaport Ln, MA) que coloca el primer ano en American University (Washington DC) o en UCLA Extension (Los Angeles) para luego transferir a otra universidad de EEUU. Eso explica la ciudad 'DC, LA'. No publica catalogo de titulos: solo 7 opciones (Academy, Undergraduate/AC Live, Honors, Pre-Orientation, Virtual Pre-Orientation y las dos sedes presenciales). TRAMPA: americancollegiate.org y americancollegiatedc.org responden 200 pero son 114 bytes que redirigen por JS a /lander, o sea parking; el bueno es el .com."
American University,,american.edu,,"La ficha no traia dominio ni pais ni ciudad: American University esta en Washington, DC. El buscador declara '253 search results'. OJO para la extraccion: american.edu/programs/ devuelve 403 con reto de Cloudflare ('Just a moment...') a curl con User-Agent de Chrome; solo se abrio con un fetch tipo navegador. La portada american.edu si responde 200 normal."
Auburn University,,auburn.edu,,"La ficha no traia dominio ni pais ni ciudad: Auburn esta en Auburn, Alabama. El catalogo NO cuelga de auburn.edu sino del subdominio bulletin.auburn.edu, y esta partido en dos: 190 majors y opciones de pregrado en /undergraduate/majors/ y 166 entradas de posgrado (masters, doctorados y certificados) en /thegraduateschool/graduatedegreesoffered/. Ambas paginas son HTML estatico, faciles de extraer."
Belmont University,,belmont.edu,,"La ficha no traia dominio ni pais ni ciudad: Belmont es una universidad cristiana privada en Nashville, Tennessee. El listado /academics/majors-programs/ es JS y a fetch pelado no devuelve ni un programa; el inventario se saca del sitemap.xml, que trae 155 paginas bajo /academics/majors-programs/ (incluye los programas 'ad-' del Adult Degree). Existe catalog.belmont.edu (Acalog) como alternativa."
Cleveland State University,,csuohio.edu,,"La ficha no traia dominio ni pais ni ciudad: CSU esta en 2121 Euclid Avenue, Cleveland, Ohio. El buscador /majors declara 362 programas (muestra 5 y dice '357 more available') y pagina de 5 en 5, asi que la extraccion tiene que recorrer ~72 paginas o atacar el catalogo. Ojo: catalog.csuohio.edu (Acalog) responde 202 con reto anti-bot en content.php, aunque los preview_program.php enlazados desde la portada si abren."
Florida International University,,fiu.edu,,"La ficha no traia dominio ni pais ni ciudad: FIU esta en Miami, Florida. El buscador si renderiza en el HTML: 223 entradas con su sigla de titulo, aunque la propia pagina dice 'mas de 190 titulos'. Aviso para la extraccion: cada entrada enlaza al subdominio de su facultad (cec.fiu.edu, africana.fiu.edu, business.fiu.edu...), no a una ficha dentro de fiu.edu; existe ademas catalog.fiu.edu como catalogo formal."
Gonzaga University,,gonzaga.edu,,"La ficha no traia dominio ni pais ni ciudad: Gonzaga esta en Spokane, Washington. La pagina institucional declara 16 titulos de pregrado repartidos en 53 majors, 68 minors, 73 concentraciones, 23 maestrias y 5 doctorados. El listado plano y estatico esta en el subdominio catalog.gonzaga.edu/programs/ ('Degree Paths'), con 154 entradas unicas; www.gonzaga.edu/academics/programs da 404."
Heriot-Watt University,,hw.ac.uk,,"La ficha no traia dominio ni pais: Heriot-Watt es britanica, sede en Edimburgo (Escocia), con campus propios en Dubai y en Putrajaya (Malasia); eso explica la ciudad 'Malaysia, Dubai, Edinburgh'. El buscador /search/programmes es Funnelback y a fetch pelado devuelve 'No results found', igual que /study/postgraduate; www.hw.ac.uk/study/courses da 404 directamente. El inventario si es enumerable desde hw.ac.uk/sitemap.xml: 94 cursos de pregrado y 96 de posgrado en el sitio UK, 91 mas entre /dubai/study/ y /malaysia/study/, ~30 en /online/study/ y 26 de la Edinburgh Business School en /ebs/study/."
Johns Hopkins University,,jhu.edu,,"La ficha no traia dominio ni pais ni ciudad: JHU esta en Baltimore, Maryland. El catalogo NO cuelga de jhu.edu sino del subdominio e-catalogue.jhu.edu, y ahi si viene todo el listado renderizado: ~700 entradas (137 M.S., 126 minors, 125 certificados, 80 B.A., 54 M.A., 36 B.S., 24 M.S.E. y demas) repartidas entre las 11 divisiones. Ojo: puede_vender solo dice pregrado y el grueso del catalogo es posgrado."
Louisiana State University,,lsu.edu,,"La ficha no traia dominio ni pais ni ciudad: LSU esta en Baton Rouge, Louisiana. La propia pagina declara 'mas de 330 campos academicos de estudio'; el A-Z de majors trae 99 enlaces de carrera (mas concentraciones) y hay un A-Z de minors aparte en /majors/minors.php. La pagina de posgrado (/graduateschool/admissions/programs.php) no lista los programas a fetch pelado, solo navegacion: para posgrado hay que ir a lsu.edu/catalogs/."
Robert Morris University,,rmu.edu,"Robert Morris University (Pittsburgh, PA)","OJO, riesgo de confusion de institucion y la ficha no trae ciudad para desambiguar: hubo DOS Robert Morris University. La de Illinois (Chicago) se fusiono con Roosevelt University en 2020 y su dominio robertmorris.edu hoy es NXDOMAIN confirmado contra 8.8.8.8. La que vive es la de Pennsylvania, en Moon Township (area de Pittsburgh), en rmu.edu. Esa declara 'mas de 60 areas de estudio de pregrado' en cuatro escuelas, mas posgrado, doctorados y certificados; el catalogo esta partido en /academics/undergraduate, /graduate, /doctoral y /certificates, todos organizados por escuela y no como listado plano."
Stony Brook University,,stonybrook.edu,Stony Brook University (State University of New York),"La ficha no traia dominio ni pais ni ciudad: Stony Brook es publica, del sistema SUNY, en Stony Brook, Long Island, NY. Aviso para la extraccion: en esa pagina solo renderiza la pestana de pregrado (69 majors y 74 minors en el HTML); las pestanas de Graduate y Health Sciences se cargan por JS y a fetch pelado se quedan en 'Loading...'. Para posgrado hay que ir a stonybrook.edu/catalog/graduate/ y stonybrook.edu/catalog/health-sciences/."
