institucion_en_los_programas,programas,estado
Adelaide University,540,no esta en el Excel del cliente
The University of Sydney,531,no esta en el Excel del cliente
Queen's University Belfast,510,no esta en el Excel del cliente
Universidad Europea,410,no esta en el Excel del cliente
Flinders University,368,no esta en el Excel del cliente
"University of the West of England, Bristol",320,no esta en el Excel del cliente
San Francisco State University (SF State),282,no esta en el Excel del cliente
University of Westminster,278,no esta en el Excel del cliente
Swinburne University of Technology,213,no esta en el Excel del cliente
Torrens University Australia,210,no esta en el Excel del cliente
Edinburgh Napier University,208,no esta en el Excel del cliente
Humber Polytechnic,200,no esta en el Excel del cliente
UniSC · University of the Sunshine Coast,199,no esta en el Excel del cliente
University of Wollongong (UOW),199,no esta en el Excel del cliente
Red River College Polytechnic,171,no esta en el Excel del cliente
Ontario Tech University,159,no esta en el Excel del cliente
New York Film Academy,150,no esta en el Excel del cliente
Kwantlen Polytechnic University (KPU),142,no esta en el Excel del cliente
UniSQ,133,no esta en el Excel del cliente
Universidad Camilo José Cela,125,no esta en el Excel del cliente
CQUniversity Australia,119,no esta en el Excel del cliente
Fairleigh Dickinson University,113,no esta en el Excel del cliente
Istituto Europeo di Design (IED),111,no esta en el Excel del cliente
Holmesglen Institute,103,no esta en el Excel del cliente
SPRACHCAFFE Languages PLUS,103,no esta en el Excel del cliente
Te Herenga Waka - Victoria University of Wellington,103,no esta en el Excel del cliente
TAFE International Western Australia (TIWA),100,no esta en el Excel del cliente
Bexhill 6th Form College,99,no esta en el Excel del cliente
Vancouver Island University,96,no esta en el Excel del cliente
William Angliss Institute,86,no esta en el Excel del cliente
Elisava Facultad de Diseno e Ingenieria de Barcelona,84,no esta en el Excel del cliente
SRH University,83,no esta en el Excel del cliente
NABA - Nuova Accademia di Belle Arti,79,no esta en el Excel del cliente
Manhattan University,78,no esta en el Excel del cliente
UNSW Sydney,75,no esta en el Excel del cliente
Box Hill Institute,75,no esta en el Excel del cliente
Ravensbourne University London,70,no esta en el Excel del cliente
Bow Valley College,64,no esta en el Excel del cliente
Kings Education,58,no esta en el Excel del cliente
GeSS Education,54,no esta en el Excel del cliente
Murdoch University,49,no esta en el Excel del cliente
Le Cordon Bleu Australia,42,no esta en el Excel del cliente
Australian Pacific College (APC) & English Unlimited,42,no esta en el Excel del cliente
NZMA,42,no esta en el Excel del cliente
SAE University College,41,no esta en el Excel del cliente
Fundacio Universitat Autonoma de Barcelona (FUAB),39,no esta en el Excel del cliente
Australia Institute of Business and Technology,39,no esta en el Excel del cliente
The Institute of Contemporary Music Performance (ICMP),38,no esta en el Excel del cliente
IMC,38,no esta en el Excel del cliente
INSA Barcelona,38,no esta en el Excel del cliente
NEOMA Business School,34,no esta en el Excel del cliente
Language Studies International,33,no esta en el Excel del cliente
UPIC (Navitas),32,no esta en el Excel del cliente
Escuela de Diseno de Interiores y Arquitectura en Madrid - Dmad,31,no esta en el Excel del cliente
Escuela Universitaria de Artes TAI,31,no esta en el Excel del cliente
Australian Health and Management Institute (AHMI),30,no esta en el Excel del cliente
MEGA Education,29,no esta en el Excel del cliente
Anglo-Continental Educational Group,29,no esta en el Excel del cliente
Melbourne Institute of Technology,28,no esta en el Excel del cliente
ACAP University College,27,no esta en el Excel del cliente
GLS Campus Berlin,27,no esta en el Excel del cliente
ACE English Malta,26,no esta en el Excel del cliente
C3S Business School (Castelldefels School of Social Sciences),26,no esta en el Excel del cliente
Confederation College,26,no esta en el Excel del cliente
Cairns College of English and Business,25,no esta en el Excel del cliente
Queensland Academy of Technology,25,no esta en el Excel del cliente
APIC,25,no esta en el Excel del cliente
National Institute of Technology,24,no esta en el Excel del cliente
Cornerstone International Community College of Canada,23,no esta en el Excel del cliente
Accademia Italiana (Salerno),23,no esta en el Excel del cliente
Australian College of Agriculture & Horticulture,23,no esta en el Excel del cliente
"MIU City University Miami, Inc.",23,no esta en el Excel del cliente
Shafston International College,23,no esta en el Excel del cliente
Imagine Education Australia,22,no esta en el Excel del cliente
Charlton Brown,22,no esta en el Excel del cliente
Australian Ideal College,22,no esta en el Excel del cliente
ACIT / IFTV,22,no esta en el Excel del cliente
The University of Newcastle College of International Education,21,no esta en el Excel del cliente
Alpadia Language Schools,21,no esta en el Excel del cliente
Sydney Institute of Interpreting and Translating,21,no esta en el Excel del cliente
Orange College,21,no esta en el Excel del cliente
Strathfield College,21,no esta en el Excel del cliente
La Trobe College Australia,20,no esta en el Excel del cliente
BHMS Business and Hotel Management School,20,no esta en el Excel del cliente
Warszawska Uczelnia Ekonomiczna,20,no esta en el Excel del cliente
Signet Institute Of Australia,19,no esta en el Excel del cliente
TrEd College,19,no esta en el Excel del cliente
Les ateliers FL,18,no esta en el Excel del cliente
ESEI International Business School Barcelona,18,no esta en el Excel del cliente
UOW College Australia,18,no esta en el Excel del cliente
Lancaster University Leipzig,18,no esta en el Excel del cliente
SPD - Scuola Politecnica di Design,17,no esta en el Excel del cliente
Mastery Institute Australia,17,no esta en el Excel del cliente
Brunel University of London Pathway College,17,no esta en el Excel del cliente
ActiLingua Academy Vienna,17,no esta en el Excel del cliente
Cardiff University International Study Centre,16,no esta en el Excel del cliente
ALTEC College,16,no esta en el Excel del cliente
Academia21,16,no esta en el Excel del cliente
Institut Linguistique Adenet (ILA),16,no esta en el Excel del cliente
PSC Creative College,15,no esta en el Excel del cliente
EBS Universitat fur Wirtschaft und Recht,15,no esta en el Excel del cliente
Victoria University (VU Sydney),15,no esta en el Excel del cliente
UTS College,15,no esta en el Excel del cliente
International Business University (IBU),15,no esta en el Excel del cliente
Newdeal Institut (KLF Bordeaux),14,no esta en el Excel del cliente
UBIS,14,no esta en el Excel del cliente
KLF Toulouse - Langue Onze,14,no esta en el Excel del cliente
KLF Lyon Bleu International,14,no esta en el Excel del cliente
Insenia Design School Madrid,14,no esta en el Excel del cliente
BROWNS English Language School,14,no esta en el Excel del cliente
The Australian Institute of Music,14,no esta en el Excel del cliente
Academique,13,no esta en el Excel del cliente
IFALPES KLF Annecy,13,no esta en el Excel del cliente
Speos International Photography School,13,no esta en el Excel del cliente
Western Sydney University Sydney City Campus,13,no esta en el Excel del cliente
Linguaviva Educational Group,13,no esta en el Excel del cliente
UNSW College,12,no esta en el Excel del cliente
Inforum Education Australia,12,no esta en el Excel del cliente
Menzies College of Nursing & Health,12,no esta en el Excel del cliente
Kent Institute Australia,12,no esta en el Excel del cliente
Exsportise,11,no esta en el Excel del cliente
Hawthorn Melbourne,11,no esta en el Excel del cliente
ILSC Australia,11,no esta en el Excel del cliente
Skills Australia Institute (SAI),10,no esta en el Excel del cliente
ALS College,10,no esta en el Excel del cliente
Chisholm Institute,10,no esta en el Excel del cliente
Cyprus West University,10,no esta en el Excel del cliente
Trebas Institute Quebec Inc.,10,no esta en el Excel del cliente
Niagara College - Toronto,10,no esta en el Excel del cliente
Australian International College Of Language,10,no esta en el Excel del cliente
LANGUAGE ON Schools,9,no esta en el Excel del cliente
Universal English College,9,no esta en el Excel del cliente
McKenzie College of Design,9,no esta en el Excel del cliente
Eynesbury College,9,no esta en el Excel del cliente
Leeds Beckett University International Study Centre,9,no esta en el Excel del cliente
APAC,9,no esta en el Excel del cliente
Charles Darwin University (Sydney),9,no esta en el Excel del cliente
University of Sheffield International College,8,no esta en el Excel del cliente
Flight One School of Aviation (ex Australian Wings Academy),8,no esta en el Excel del cliente
ICHM,8,no esta en el Excel del cliente
Atpal Languages,8,no esta en el Excel del cliente
OPIE,8,no esta en el Excel del cliente
Heartland International English School,8,no esta en el Excel del cliente
Schiller Language School,8,no esta en el Excel del cliente
ECA College,7,no esta en el Excel del cliente
Central Quebec School Board,7,no esta en el Excel del cliente
London School of Commerce (LSC) Malta,7,no esta en el Excel del cliente
Le Cordon Bleu Madrid,7,no esta en el Excel del cliente
Sydney Institute of Business and Technology (SIBT),7,no esta en el Excel del cliente
UQ College,7,no esta en el Excel del cliente
Christchurch College of English (CCEL),6,no esta en el Excel del cliente
Sarina Russo Institute,6,no esta en el Excel del cliente
Department for Education T/A South Australian Government Schools,6,no esta en el Excel del cliente
Pacific English Study,6,no esta en el Excel del cliente
Burnaby Schools · School District 41,6,no esta en el Excel del cliente
University of Strathclyde International Study Centre,6,no esta en el Excel del cliente
Delta School District,6,no esta en el Excel del cliente
UTAS International Pathway College,6,no esta en el Excel del cliente
Western Sydney University International College,6,no esta en el Excel del cliente
English Language Center (ELC),5,no esta en el Excel del cliente
English Language Institute (University of Utah),5,no esta en el Excel del cliente
Universal Higher Education,5,no esta en el Excel del cliente
Westbourne Grammar School,5,no esta en el Excel del cliente
Universal Higher Education (UHE),5,no esta en el Excel del cliente
Australian National College of English,5,no esta en el Excel del cliente
Universal Higher Education (UHE Australia),5,no esta en el Excel del cliente
Navitas English,4,no esta en el Excel del cliente
Tara Anglican School for Girls,4,no esta en el Excel del cliente
The Sarina Russo Group,4,no esta en el Excel del cliente
ELSIS - English Language Schools,4,no esta en el Excel del cliente
ILAC International College,4,no esta en el Excel del cliente
Unity College Australia,4,no esta en el Excel del cliente
University of Hartford International Pathway Program,4,no esta en el Excel del cliente
Ermitage International School Paris,4,no esta en el Excel del cliente
CIRA Career College,4,no esta en el Excel del cliente
Quality College of Australia,4,no esta en el Excel del cliente
UCEDA International,3,no esta en el Excel del cliente
Avon Maitland District School Board (AMDSB),3,no esta en el Excel del cliente
University Senior College,3,no esta en el Excel del cliente
Australian College of Sport & Fitness,3,no esta en el Excel del cliente
Saint Stephen's College,3,no esta en el Excel del cliente
LCI Language Centers,3,no esta en el Excel del cliente
Sydney PTE Academy,3,no esta en el Excel del cliente
Vocational Training Institute (VTI),3,no esta en el Excel del cliente
ECA Professional Year,3,no esta en el Excel del cliente
All Saints Anglican School,2,no esta en el Excel del cliente
Academy of English,2,no esta en el Excel del cliente
University of Applied Sciences Europe (UE Amsterdam),2,no esta en el Excel del cliente
"Brisbane and Gold Coast School of Hairdressing, Barbering and Beauty",2,no esta en el Excel del cliente
James Madison University International Study Center,2,no esta en el Excel del cliente
Think Education,2,no esta en el Excel del cliente
Academies Australasia Institute,2,no esta en el Excel del cliente
Acsenda School of Management,2,no esta en el Excel del cliente
King's Christian College,2,no esta en el Excel del cliente
ELTHAM College,1,no esta en el Excel del cliente
National Institute of Education and Technology (NIET),1,no esta en el Excel del cliente
Academy of Interactive Technology Pty Ltd trading as Coder Academy Australia,1,no esta en el Excel del cliente
Texila College Australia,1,no esta en el Excel del cliente
Russo Business School,1,no esta en el Excel del cliente
