lote,institucion,nombre,nivel,area,duracion,codigo_oficial,url_fuente,motivo
07,ELTHAM College,Primary Years P-6,secundaria,Educación Escolar (Primaria),no indicada,CRICOS 016363G,https://www.elthamcollege.vic.edu.au/admissions/international-student-admission,primaria · no es bachillerato
07,Pickering College,Junior School (JK-Grade 5),secundaria,Educación Escolar (Primaria),no indicada,-,https://www.pickeringcollege.on.ca/academics/junior-school-jk-grade-5,primaria · no es bachillerato
07,Pickering College,The Sphere Program (Grades 4 & 5),secundaria,Educación Escolar (Primaria),no indicada,-,https://www.pickeringcollege.on.ca/academics/sphere,primaria · no es bachillerato
08,Ermitage International School Paris,IB Primary Years Programme (IB PYP),secundaria,Educación General,6 años (Years 1-6 · 5 a 11 años),-,https://www.ermitage.fr/ib-programs,primaria · no es bachillerato
08,Ermitage International School Paris,French Bilingual School - Pre-K & Primary (Maternelle to Primary),secundaria,Educación General,desde los 3 años,-,https://www.ermitage.fr/french-bilingual-programs,primaria · no es bachillerato
09,"University of the West of England, Bristol",Academic and Professional Journeys (Professional/Short course),curso_corto,Desarrollo Profesional,no indicada,-,https://courses.uwe.ac.uk/Search?words&view=list,CPD / Skills Bootcamp UK · cerrado a estudiantes extranjeros
09,"University of the West of England, Bristol",Accelerating Learning for Professionals (Professional/Short course),curso_corto,Desarrollo Profesional,no indicada,-,https://courses.uwe.ac.uk/Search?words&view=list,CPD / Skills Bootcamp UK · cerrado a estudiantes extranjeros
09,"University of the West of England, Bristol",Acute Medical Assessment: Theory and Practice (Professional/Short course),curso_corto,Salud,no indicada,-,https://courses.uwe.ac.uk/Search?words&view=list,CPD / Skills Bootcamp UK · cerrado a estudiantes extranjeros
09,"University of the West of England, Bristol",Administering Intravenous Injections (Study Day - College of Radiographers Certificate of Competence),curso_corto,Salud,no indicada,-,https://courses.uwe.ac.uk/Search?words&view=list,CPD / Skills Bootcamp UK · cerrado a estudiantes extranjeros
09,"University of the West of England, Bristol","Advanced AI, Computer Vision and Cyber Security (Professional/Short course)",curso_corto,Tecnología,no indicada,-,https://courses.uwe.ac.uk/Search?words&view=list,CPD / Skills Bootcamp UK · cerrado a estudiantes extranjeros
09,"University of the West of England, Bristol",Advanced Leaders Programme (ILM level 5) (Continuing Professional Development),curso_corto,Negocios,no indicada,-,https://courses.uwe.ac.uk/Search?words&view=list,CPD / Skills Bootcamp UK · cerrado a estudiantes extranjeros
09,"University of the West of England, Bristol",Advanced Practice with Adults at Risk (Professional/Short course),curso_corto,Salud,no indicada,-,https://courses.uwe.ac.uk/Search?words&view=list,CPD / Skills Bootcamp UK · cerrado a estudiantes extranjeros
09,"University of the West of England, Bristol",Advanced Wind Energy (Professional/Short course),curso_corto,Ingeniería,no indicada,-,https://courses.uwe.ac.uk/Search?words&view=list,CPD / Skills Bootcamp UK · cerrado a estudiantes extranjeros
09,"University of the West of England, Bristol","Advancing Practice in Clinical Examination and Diagnostic Reasoning for Urgent, Emergency and Primary Care Practitioners (Professional/Short course)",curso_corto,Salud,no indicada,-,https://courses.uwe.ac.uk/Search?words&view=list,CPD / Skills Bootcamp UK · cerrado a estudiantes extranjeros
09,"University of the West of England, Bristol",Advancing Practice in Long Term Conditions (Professional/Short course),curso_corto,Salud,no indicada,-,https://courses.uwe.ac.uk/Search?words&view=list,CPD / Skills Bootcamp UK · cerrado a estudiantes extranjeros
09,"University of the West of England, Bristol","Affect, Emotion and Society (Professional/Short course)",curso_corto,Psicología y Trabajo Social,no indicada,-,https://courses.uwe.ac.uk/Search?words&view=list,CPD / Skills Bootcamp UK · cerrado a estudiantes extranjeros
09,"University of the West of England, Bristol","AI and Computer Vision, Application in Healthcare (Professional/Short course)",curso_corto,Salud,no indicada,-,https://courses.uwe.ac.uk/Search?words&view=list,CPD / Skills Bootcamp UK · cerrado a estudiantes extranjeros
09,"University of the West of England, Bristol",Air Quality Action Planning (Professional course),curso_corto,Ciencias y Medio Ambiente,no indicada,-,https://courses.uwe.ac.uk/Search?words&view=list,CPD / Skills Bootcamp UK · cerrado a estudiantes extranjeros
09,"University of the West of England, Bristol",Air Quality Action Planning (Distance Learning) (Professional course),curso_corto,Ciencias y Medio Ambiente,no indicada,-,https://courses.uwe.ac.uk/Search?words&view=list,CPD / Skills Bootcamp UK · cerrado a estudiantes extranjeros
09,"University of the West of England, Bristol",Air Quality Assessment (Professional course),curso_corto,Ciencias y Medio Ambiente,no indicada,-,https://courses.uwe.ac.uk/Search?words&view=list,CPD / Skills Bootcamp UK · cerrado a estudiantes extranjeros
09,"University of the West of England, Bristol",Air Quality Assessment (Distance Learning) (Professional course),curso_corto,Ciencias y Medio Ambiente,no indicada,-,https://courses.uwe.ac.uk/Search?words&view=list,CPD / Skills Bootcamp UK · cerrado a estudiantes extranjeros
09,"University of the West of England, Bristol",Air Quality Management (Professional course),curso_corto,Negocios,no indicada,-,https://courses.uwe.ac.uk/Search?words&view=list,CPD / Skills Bootcamp UK · cerrado a estudiantes extranjeros
09,"University of the West of England, Bristol",Air Quality Management (Distance Learning) (Professional course),curso_corto,Negocios,no indicada,-,https://courses.uwe.ac.uk/Search?words&view=list,CPD / Skills Bootcamp UK · cerrado a estudiantes extranjeros
09,"University of the West of England, Bristol",Air Quality Modelling (Professional course),curso_corto,Ciencias y Medio Ambiente,no indicada,-,https://courses.uwe.ac.uk/Search?words&view=list,CPD / Skills Bootcamp UK · cerrado a estudiantes extranjeros
09,"University of the West of England, Bristol",Air Quality Modelling (Distance Learning) (Professional course),curso_corto,Ciencias y Medio Ambiente,no indicada,-,https://courses.uwe.ac.uk/Search?words&view=list,CPD / Skills Bootcamp UK · cerrado a estudiantes extranjeros
09,"University of the West of England, Bristol",Air Quality Monitoring (Professional course),curso_corto,Ciencias y Medio Ambiente,no indicada,-,https://courses.uwe.ac.uk/Search?words&view=list,CPD / Skills Bootcamp UK · cerrado a estudiantes extranjeros
09,"University of the West of England, Bristol",Air Quality Monitoring (Distance Learning) (Professional course),curso_corto,Ciencias y Medio Ambiente,no indicada,-,https://courses.uwe.ac.uk/Search?words&view=list,CPD / Skills Bootcamp UK · cerrado a estudiantes extranjeros
09,"University of the West of England, Bristol",Anatomy and Pathology in Cross-Sectional Imaging (Professional/Short course),curso_corto,Salud,no indicada,-,https://courses.uwe.ac.uk/Search?words&view=list,CPD / Skills Bootcamp UK · cerrado a estudiantes extranjeros
09,"University of the West of England, Bristol",APM Project Fundamentals - online delivery (Professional/Short course),curso_corto,Negocios,no indicada,-,https://courses.uwe.ac.uk/Search?words&view=list,CPD / Skills Bootcamp UK · cerrado a estudiantes extranjeros
09,"University of the West of England, Bristol",Appendicular Skeleton (Study day),curso_corto,Salud,no indicada,-,https://courses.uwe.ac.uk/Search?words&view=list,CPD / Skills Bootcamp UK · cerrado a estudiantes extranjeros
09,"University of the West of England, Bristol",Applied Research Skills (Professional/Short course),curso_corto,Investigación,no indicada,-,https://courses.uwe.ac.uk/Search?words&view=list,CPD / Skills Bootcamp UK · cerrado a estudiantes extranjeros
09,"University of the West of England, Bristol",Applied Science Communication: Online and Media Writing (Professional/Short course),curso_corto,Comunicación y Artes,no indicada,-,https://courses.uwe.ac.uk/Search?words&view=list,CPD / Skills Bootcamp UK · cerrado a estudiantes extranjeros
09,"University of the West of England, Bristol",Applied Transfusion Science (Professional/Short course),curso_corto,Salud,no indicada,-,https://courses.uwe.ac.uk/Search?words&view=list,CPD / Skills Bootcamp UK · cerrado a estudiantes extranjeros
09,"University of the West of England, Bristol",Applied Transplantation Science (Professional/Short course),curso_corto,Salud,no indicada,-,https://courses.uwe.ac.uk/Search?words&view=list,CPD / Skills Bootcamp UK · cerrado a estudiantes extranjeros
09,"University of the West of England, Bristol",ARC: Breaking Bad News (Study day),curso_corto,Salud,no indicada,-,https://courses.uwe.ac.uk/Search?words&view=list,CPD / Skills Bootcamp UK · cerrado a estudiantes extranjeros
09,"University of the West of England, Bristol",Artificial Intelligence and Digital Technologies for Manufacturing and Engineering Skills Bootcamp (Skills Bootcamp),bootcamp,Ingeniería,no indicada,-,https://courses.uwe.ac.uk/Search?words&view=list,CPD / Skills Bootcamp UK · cerrado a estudiantes extranjeros
09,"University of the West of England, Bristol",Assessment and Management of Respiratory Disorders (Professional/Short course),curso_corto,Negocios,no indicada,-,https://courses.uwe.ac.uk/Search?words&view=list,CPD / Skills Bootcamp UK · cerrado a estudiantes extranjeros
09,"University of the West of England, Bristol",Assessment and Management of Sleep Breathing Disorders (Professional/Short course),curso_corto,Negocios,no indicada,-,https://courses.uwe.ac.uk/Search?words&view=list,CPD / Skills Bootcamp UK · cerrado a estudiantes extranjeros
09,"University of the West of England, Bristol",Assistive Robotics (Professional/Short course),curso_corto,Ingeniería,no indicada,-,https://courses.uwe.ac.uk/Search?words&view=list,CPD / Skills Bootcamp UK · cerrado a estudiantes extranjeros
09,"University of the West of England, Bristol",Asthma Care and Management (Professional/Short course),curso_corto,Negocios,no indicada,-,https://courses.uwe.ac.uk/Search?words&view=list,CPD / Skills Bootcamp UK · cerrado a estudiantes extranjeros
09,"University of the West of England, Bristol",Axial Skeleton (South West Emergency X-Ray Interpretation (SEXI) - Study day),curso_corto,Salud,no indicada,-,https://courses.uwe.ac.uk/Search?words&view=list,CPD / Skills Bootcamp UK · cerrado a estudiantes extranjeros
09,"University of the West of England, Bristol",Becoming a Non-Executive Director (Continuing Professional Development),curso_corto,Negocios,no indicada,-,https://courses.uwe.ac.uk/Search?words&view=list,CPD / Skills Bootcamp UK · cerrado a estudiantes extranjeros
09,"University of the West of England, Bristol",Best Interest Assessment (Professional/Short course),curso_corto,Psicología y Trabajo Social,no indicada,-,https://courses.uwe.ac.uk/Search?words&view=list,CPD / Skills Bootcamp UK · cerrado a estudiantes extranjeros
09,"University of the West of England, Bristol",BIM in Construction Operation (Professional course),curso_corto,Construcción e Inmobiliario,no indicada,-,https://courses.uwe.ac.uk/Search?words&view=list,CPD / Skills Bootcamp UK · cerrado a estudiantes extranjeros
09,"University of the West of England, Bristol",BIM in Design Co-ordination (Professional/Short Course),curso_corto,Construcción e Inmobiliario,no indicada,-,https://courses.uwe.ac.uk/Search?words&view=list,CPD / Skills Bootcamp UK · cerrado a estudiantes extranjeros
09,"University of the West of England, Bristol",BIM in Operation and Maintenance (Professional/Short Course),curso_corto,Construcción e Inmobiliario,no indicada,-,https://courses.uwe.ac.uk/Search?words&view=list,CPD / Skills Bootcamp UK · cerrado a estudiantes extranjeros
09,"University of the West of England, Bristol",Brachytherapy Principles and Clinical Applications (Professional/Short course),curso_corto,Salud,no indicada,-,https://courses.uwe.ac.uk/Search?words&view=list,CPD / Skills Bootcamp UK · cerrado a estudiantes extranjeros
09,"University of the West of England, Bristol",Broadcast to Branded Skills Bootcamp (Skills Bootcamp),bootcamp,Comunicación y Artes,no indicada,-,https://courses.uwe.ac.uk/Search?words&view=list,CPD / Skills Bootcamp UK · cerrado a estudiantes extranjeros
09,"University of the West of England, Bristol",Cardiac Care (Professional/Short course),curso_corto,Salud,no indicada,-,https://courses.uwe.ac.uk/Search?words&view=list,CPD / Skills Bootcamp UK · cerrado a estudiantes extranjeros
09,"University of the West of England, Bristol",Care of the Acutely Ill Adult (Professional/Short course),curso_corto,Salud,no indicada,-,https://courses.uwe.ac.uk/Search?words&view=list,CPD / Skills Bootcamp UK · cerrado a estudiantes extranjeros
09,"University of the West of England, Bristol",Care of the Adult with Diabetes (Professional/Short course),curso_corto,Salud,no indicada,-,https://courses.uwe.ac.uk/Search?words&view=list,CPD / Skills Bootcamp UK · cerrado a estudiantes extranjeros
09,"University of the West of England, Bristol",Care of the Child/Young Person with Cancer (Professional/Short course),curso_corto,Salud,no indicada,-,https://courses.uwe.ac.uk/Search?words&view=list,CPD / Skills Bootcamp UK · cerrado a estudiantes extranjeros
09,"University of the West of England, Bristol",Cellular Pathology and Oncology (Professional/Short course),curso_corto,Salud,no indicada,-,https://courses.uwe.ac.uk/Search?words&view=list,CPD / Skills Bootcamp UK · cerrado a estudiantes extranjeros
09,"University of the West of England, Bristol",Certificate for Coaching Supervisors (ILM Level 7) (Continuing Professional Development),curso_corto,Negocios,no indicada,-,https://courses.uwe.ac.uk/Search?words&view=list,CPD / Skills Bootcamp UK · cerrado a estudiantes extranjeros
09,"University of the West of England, Bristol",Certificate for Executive and Senior Level Coaches and Mentors (ILM level 7) (Continuing Professional Development),curso_corto,Negocios,no indicada,-,https://courses.uwe.ac.uk/Search?words&view=list,CPD / Skills Bootcamp UK · cerrado a estudiantes extranjeros
09,"University of the West of England, Bristol",Certificate in Effective Coaching and Mentoring (ILM level 5) (Continuing Professional Development),curso_corto,Negocios,no indicada,-,https://courses.uwe.ac.uk/Search?words&view=list,CPD / Skills Bootcamp UK · cerrado a estudiantes extranjeros
09,"University of the West of England, Bristol",Changing Travel Behaviour (Professional course),curso_corto,Transporte y Planificación Urbana,no indicada,-,https://courses.uwe.ac.uk/Search?words&view=list,CPD / Skills Bootcamp UK · cerrado a estudiantes extranjeros
09,"University of the West of England, Bristol",Chest X-ray Image Interpretation (Study day),curso_corto,Salud,no indicada,-,https://courses.uwe.ac.uk/Search?words&view=list,CPD / Skills Bootcamp UK · cerrado a estudiantes extranjeros
09,"University of the West of England, Bristol",Children and Young People's Emergency Care (Professional/Short course),curso_corto,Salud,no indicada,-,https://courses.uwe.ac.uk/Search?words&view=list,CPD / Skills Bootcamp UK · cerrado a estudiantes extranjeros
09,"University of the West of England, Bristol",Chronic and Acute Care Management of Chronic Obstructive Pulmonary Disease (COPD) (Professional/Short course),curso_corto,Negocios,no indicada,-,https://courses.uwe.ac.uk/Search?words&view=list,CPD / Skills Bootcamp UK · cerrado a estudiantes extranjeros
09,"University of the West of England, Bristol",Clinical Applications of Medical Physics (Professional/Short course),curso_corto,Salud,no indicada,-,https://courses.uwe.ac.uk/Search?words&view=list,CPD / Skills Bootcamp UK · cerrado a estudiantes extranjeros
09,"University of the West of England, Bristol",Clinical Biochemistry (Professional/Short course),curso_corto,Salud,no indicada,-,https://courses.uwe.ac.uk/Search?words&view=list,CPD / Skills Bootcamp UK · cerrado a estudiantes extranjeros
09,"University of the West of England, Bristol",Clinical Leadership and Professional Development in Cancer Care (Professional/Short course),curso_corto,Negocios,no indicada,-,https://courses.uwe.ac.uk/Search?words&view=list,CPD / Skills Bootcamp UK · cerrado a estudiantes extranjeros
09,"University of the West of England, Bristol",Collage Book College (Study day/Workshop),curso_corto,Comunicación y Artes,no indicada,-,https://courses.uwe.ac.uk/Search?words&view=list,CPD / Skills Bootcamp UK · cerrado a estudiantes extranjeros
09,"University of the West of England, Bristol",Communication Skills and Delivering Unexpected News (Study day),curso_corto,Comunicación y Artes,no indicada,-,https://courses.uwe.ac.uk/Search?words&view=list,CPD / Skills Bootcamp UK · cerrado a estudiantes extranjeros
09,"University of the West of England, Bristol","Communication Skills in Supportive, Palliative and End of Life Care (Professional/Short course)",curso_corto,Comunicación y Artes,no indicada,-,https://courses.uwe.ac.uk/Search?words&view=list,CPD / Skills Bootcamp UK · cerrado a estudiantes extranjeros
09,"University of the West of England, Bristol",Compassionate Mindful Resilience (CMR) (Study day),curso_corto,Psicología y Trabajo Social,no indicada,-,https://courses.uwe.ac.uk/Search?words&view=list,CPD / Skills Bootcamp UK · cerrado a estudiantes extranjeros
09,"University of the West of England, Bristol",Complexities of Caring for Older People (Professional/Short course),curso_corto,Salud,no indicada,-,https://courses.uwe.ac.uk/Search?words&view=list,CPD / Skills Bootcamp UK · cerrado a estudiantes extranjeros
09,"University of the West of England, Bristol","Complexities of Supportive, Palliative and End of Life Care (Professional/Short course)",curso_corto,Salud,no indicada,-,https://courses.uwe.ac.uk/Search?words&view=list,CPD / Skills Bootcamp UK · cerrado a estudiantes extranjeros
09,"University of the West of England, Bristol",Computed Tomography Technology (Professional/Short course),curso_corto,Salud,no indicada,-,https://courses.uwe.ac.uk/Search?words&view=list,CPD / Skills Bootcamp UK · cerrado a estudiantes extranjeros
09,"University of the West of England, Bristol",Conservation Business and Finance (Professional/Short course),curso_corto,Negocios,no indicada,-,https://courses.uwe.ac.uk/Search?words&view=list,CPD / Skills Bootcamp UK · cerrado a estudiantes extranjeros
09,"University of the West of England, Bristol",Conservation Communication and Marketing (Professional/Short course),curso_corto,Comunicación y Artes,no indicada,-,https://courses.uwe.ac.uk/Search?words&view=list,CPD / Skills Bootcamp UK · cerrado a estudiantes extranjeros
09,"University of the West of England, Bristol",Conservation Impact (Professional/Short course),curso_corto,Salud,no indicada,-,https://courses.uwe.ac.uk/Search?words&view=list,CPD / Skills Bootcamp UK · cerrado a estudiantes extranjeros
09,"University of the West of England, Bristol",Conservation Project Management (Professional/Short course),curso_corto,Negocios,no indicada,-,https://courses.uwe.ac.uk/Search?words&view=list,CPD / Skills Bootcamp UK · cerrado a estudiantes extranjeros
09,"University of the West of England, Bristol",Construction Project Management Practice (Professional course),curso_corto,Construcción e Inmobiliario,no indicada,-,https://courses.uwe.ac.uk/Search?words&view=list,CPD / Skills Bootcamp UK · cerrado a estudiantes extranjeros
09,"University of the West of England, Bristol",Contemporary Advances in Ultrasound Technology (Professional/Short course),curso_corto,Salud,no indicada,-,https://courses.uwe.ac.uk/Search?words&view=list,CPD / Skills Bootcamp UK · cerrado a estudiantes extranjeros
09,"University of the West of England, Bristol",Contemporary Leadership in Rehabilitation (Professional/Short course),curso_corto,Salud,no indicada,-,https://courses.uwe.ac.uk/Search?words&view=list,CPD / Skills Bootcamp UK · cerrado a estudiantes extranjeros
09,"University of the West of England, Bristol",Counselling Skills (Certificate),curso_corto,Psicología y Trabajo Social,no indicada,-,https://courses.uwe.ac.uk/Search?words&view=list,CPD / Skills Bootcamp UK · cerrado a estudiantes extranjeros
09,"University of the West of England, Bristol",Creating Sustainable Behaviour Change (Professional course),curso_corto,Nutrición y Alimentos,no indicada,-,https://courses.uwe.ac.uk/Search?words&view=list,CPD / Skills Bootcamp UK · cerrado a estudiantes extranjeros
09,"University of the West of England, Bristol",Creative Science Communication and Public Engagement (Professional/Short course),curso_corto,Comunicación y Artes,no indicada,-,https://courses.uwe.ac.uk/Search?words&view=list,CPD / Skills Bootcamp UK · cerrado a estudiantes extranjeros
09,"University of the West of England, Bristol",Critical Care in Practice (Professional/Short course),curso_corto,Salud,no indicada,-,https://courses.uwe.ac.uk/Search?words&view=list,CPD / Skills Bootcamp UK · cerrado a estudiantes extranjeros
09,"University of the West of England, Bristol",Cross-sectional Anatomy for the Nuclear Medicine Practitioner (Professional/Short course),curso_corto,Salud,no indicada,-,https://courses.uwe.ac.uk/Search?words&view=list,CPD / Skills Bootcamp UK · cerrado a estudiantes extranjeros
09,"University of the West of England, Bristol",CT Lab: Critical Thinking from Theory to Practice (Professional/Short course),curso_corto,Salud,no indicada,-,https://courses.uwe.ac.uk/Search?words&view=list,CPD / Skills Bootcamp UK · cerrado a estudiantes extranjeros
09,"University of the West of England, Bristol",Culture for All: Visitor Experience Skills Bootcamp (Skills Bootcamp),bootcamp,Turismo y Deportes,no indicada,-,https://courses.uwe.ac.uk/Search?words&view=list,CPD / Skills Bootcamp UK · cerrado a estudiantes extranjeros
09,"University of the West of England, Bristol",Current Applications in Hybrid Imaging Practice (Professional/Short course),curso_corto,Salud,no indicada,-,https://courses.uwe.ac.uk/Search?words&view=list,CPD / Skills Bootcamp UK · cerrado a estudiantes extranjeros
09,"University of the West of England, Bristol",Data and Information Governance (Professional course),curso_corto,Tecnología,no indicada,-,https://courses.uwe.ac.uk/Search?words&view=list,CPD / Skills Bootcamp UK · cerrado a estudiantes extranjeros
09,"University of the West of England, Bristol",Digital Built Environment: Fabrication and Manufacturing Skills Bootcamp (Skills Bootcamp),bootcamp,Construcción e Inmobiliario,no indicada,-,https://courses.uwe.ac.uk/Search?words&view=list,CPD / Skills Bootcamp UK · cerrado a estudiantes extranjeros
09,"University of the West of England, Bristol",Digital Coaching Masterclass (Continuing Professional Development),curso_corto,Negocios,no indicada,-,https://courses.uwe.ac.uk/Search?words&view=list,CPD / Skills Bootcamp UK · cerrado a estudiantes extranjeros
09,"University of the West of England, Bristol","Disease, Diagnosis and Monitoring (Professional/Short course)",curso_corto,Salud,no indicada,-,https://courses.uwe.ac.uk/Search?words&view=list,CPD / Skills Bootcamp UK · cerrado a estudiantes extranjeros
09,"University of the West of England, Bristol",Dissertation (Professional/Short course),curso_corto,Investigación,no indicada,-,https://courses.uwe.ac.uk/Search?words&view=list,CPD / Skills Bootcamp UK · cerrado a estudiantes extranjeros
09,"University of the West of England, Bristol",Dissertation in Psychology (Professional/Short course),curso_corto,Psicología y Trabajo Social,no indicada,-,https://courses.uwe.ac.uk/Search?words&view=list,CPD / Skills Bootcamp UK · cerrado a estudiantes extranjeros
09,"University of the West of England, Bristol",ECG Reporting and Stress Leaders (Study day),curso_corto,Negocios,no indicada,-,https://courses.uwe.ac.uk/Search?words&view=list,CPD / Skills Bootcamp UK · cerrado a estudiantes extranjeros
09,"University of the West of England, Bristol","Education Leadership, Management and Change (Professional/Short course)",curso_corto,Educación,no indicada,-,https://courses.uwe.ac.uk/Search?words&view=list,CPD / Skills Bootcamp UK · cerrado a estudiantes extranjeros
09,"University of the West of England, Bristol",Enhancing Nuclear Medicine Practice (Professional/Short course),curso_corto,Salud,no indicada,-,https://courses.uwe.ac.uk/Search?words&view=list,CPD / Skills Bootcamp UK · cerrado a estudiantes extranjeros
09,"University of the West of England, Bristol",Enhancing Practice in Burn Care (Professional/Short course),curso_corto,Salud,no indicada,-,https://courses.uwe.ac.uk/Search?words&view=list,CPD / Skills Bootcamp UK · cerrado a estudiantes extranjeros
09,"University of the West of England, Bristol","Enhancing Practice in Palliative Care for Children, Young People and Families (Professional/Short course)",curso_corto,Salud,no indicada,-,https://courses.uwe.ac.uk/Search?words&view=list,CPD / Skills Bootcamp UK · cerrado a estudiantes extranjeros
09,"University of the West of England, Bristol",Enterprise and Innovation (Professional/Short course),curso_corto,Negocios,no indicada,-,https://courses.uwe.ac.uk/Search?words&view=list,CPD / Skills Bootcamp UK · cerrado a estudiantes extranjeros
09,"University of the West of England, Bristol",Environmental and Ecological Consultancy (Professional/Short course),curso_corto,Ciencias y Medio Ambiente,no indicada,-,https://courses.uwe.ac.uk/Search?words&view=list,CPD / Skills Bootcamp UK · cerrado a estudiantes extranjeros
09,"University of the West of England, Bristol",Environmental Health Risk and Law (Professional/Short course),curso_corto,Derecho,no indicada,-,https://courses.uwe.ac.uk/Search?words&view=list,CPD / Skills Bootcamp UK · cerrado a estudiantes extranjeros
09,"University of the West of England, Bristol",Environmental Protection (PPP) (Professional/Short course),curso_corto,Ciencias y Medio Ambiente,no indicada,-,https://courses.uwe.ac.uk/Search?words&view=list,CPD / Skills Bootcamp UK · cerrado a estudiantes extranjeros
09,"University of the West of England, Bristol",Environmental Protection and Sustainability (Professional/Short course),curso_corto,Ciencias y Medio Ambiente,no indicada,-,https://courses.uwe.ac.uk/Search?words&view=list,CPD / Skills Bootcamp UK · cerrado a estudiantes extranjeros
09,"University of the West of England, Bristol",Epidemiology of Non-Communicable Disease (Professional/Short course),curso_corto,Salud,no indicada,-,https://courses.uwe.ac.uk/Search?words&view=list,CPD / Skills Bootcamp UK · cerrado a estudiantes extranjeros
09,"University of the West of England, Bristol",Essentials of Renal Care (Professional/Short course),curso_corto,Salud,no indicada,-,https://courses.uwe.ac.uk/Search?words&view=list,CPD / Skills Bootcamp UK · cerrado a estudiantes extranjeros
09,"University of the West of England, Bristol",Evidence and Research in Practice (Professional/Short course),curso_corto,Investigación,no indicada,-,https://courses.uwe.ac.uk/Search?words&view=list,CPD / Skills Bootcamp UK · cerrado a estudiantes extranjeros
09,"University of the West of England, Bristol",Evidencing Work Based Learning (EWBL) (Professional/Short course),curso_corto,Desarrollo Profesional,no indicada,-,https://courses.uwe.ac.uk/Search?words&view=list,CPD / Skills Bootcamp UK · cerrado a estudiantes extranjeros
09,"University of the West of England, Bristol",Evidencing Work-Based Learning (Professional/Short course),curso_corto,Desarrollo Profesional,no indicada,-,https://courses.uwe.ac.uk/Search?words&view=list,CPD / Skills Bootcamp UK · cerrado a estudiantes extranjeros
09,"University of the West of England, Bristol",Examination of the Newborn (Professional/Short course),curso_corto,Salud,no indicada,-,https://courses.uwe.ac.uk/Search?words&view=list,CPD / Skills Bootcamp UK · cerrado a estudiantes extranjeros
09,"University of the West of England, Bristol",Finance for Non-Financial Managers - online delivery (Continuing Professional Development),curso_corto,Negocios,no indicada,-,https://courses.uwe.ac.uk/Search?words&view=list,CPD / Skills Bootcamp UK · cerrado a estudiantes extranjeros
09,"University of the West of England, Bristol",Food Control (Professional/Short course),curso_corto,Nutrición y Alimentos,no indicada,-,https://courses.uwe.ac.uk/Search?words&view=list,CPD / Skills Bootcamp UK · cerrado a estudiantes extranjeros
09,"University of the West of England, Bristol",Foundation Programme for Professions in Health and Social Care (Foundation Programme),curso_corto,Salud,no indicada,-,https://courses.uwe.ac.uk/Search?words&view=list,CPD / Skills Bootcamp UK · cerrado a estudiantes extranjeros
09,"University of the West of England, Bristol",Foundations of Engineering Science (Professional/Short course),curso_corto,Ingeniería,no indicada,-,https://courses.uwe.ac.uk/Search?words&view=list,CPD / Skills Bootcamp UK · cerrado a estudiantes extranjeros
09,"University of the West of England, Bristol",Fundamental Applications of Computed Tomography (Professional/Short course),curso_corto,Salud,no indicada,-,https://courses.uwe.ac.uk/Search?words&view=list,CPD / Skills Bootcamp UK · cerrado a estudiantes extranjeros
09,"University of the West of England, Bristol",Fundamental Applications of Magnetic Resonance Imaging (Professional/Short course),curso_corto,Salud,no indicada,-,https://courses.uwe.ac.uk/Search?words&view=list,CPD / Skills Bootcamp UK · cerrado a estudiantes extranjeros
09,"University of the West of England, Bristol",Fundamental Clinical Skills in Nuclear Medicine Practice (Professional/Short course),curso_corto,Salud,no indicada,-,https://courses.uwe.ac.uk/Search?words&view=list,CPD / Skills Bootcamp UK · cerrado a estudiantes extranjeros
09,"University of the West of England, Bristol",Fundamentals of Cancer Care (Professional/Short course),curso_corto,Salud,no indicada,-,https://courses.uwe.ac.uk/Search?words&view=list,CPD / Skills Bootcamp UK · cerrado a estudiantes extranjeros
09,"University of the West of England, Bristol",Fundamentals of Ophthalmic Nursing (Professional/Short course),curso_corto,Enfermería,no indicada,-,https://courses.uwe.ac.uk/Search?words&view=list,CPD / Skills Bootcamp UK · cerrado a estudiantes extranjeros
09,"University of the West of England, Bristol",Fundamentals of Ultrasound Technology (Professional/Short course),curso_corto,Salud,no indicada,-,https://courses.uwe.ac.uk/Search?words&view=list,CPD / Skills Bootcamp UK · cerrado a estudiantes extranjeros
09,"University of the West of England, Bristol",General Medical Ultrasound in Practice (Professional/Short course),curso_corto,Salud,no indicada,-,https://courses.uwe.ac.uk/Search?words&view=list,CPD / Skills Bootcamp UK · cerrado a estudiantes extranjeros
09,"University of the West of England, Bristol",Gynaecological Ultrasound (Professional/Short course),curso_corto,Salud,no indicada,-,https://courses.uwe.ac.uk/Search?words&view=list,CPD / Skills Bootcamp UK · cerrado a estudiantes extranjeros
09,"University of the West of England, Bristol",Haematology and Transfusion Science (Professional/Short course),curso_corto,Salud,no indicada,-,https://courses.uwe.ac.uk/Search?words&view=list,CPD / Skills Bootcamp UK · cerrado a estudiantes extranjeros
09,"University of the West of England, Bristol",Health and Safety Management (Professional/Short course),curso_corto,Negocios,no indicada,-,https://courses.uwe.ac.uk/Search?words&view=list,CPD / Skills Bootcamp UK · cerrado a estudiantes extranjeros
09,"University of the West of England, Bristol",Health and Social Care Research: Methods and Methodology (Professional/Short course),curso_corto,Salud,no indicada,-,https://courses.uwe.ac.uk/Search?words&view=list,CPD / Skills Bootcamp UK · cerrado a estudiantes extranjeros
09,"University of the West of England, Bristol",Health Impact Assessments (Professional/Short Course),curso_corto,Salud,no indicada,-,https://courses.uwe.ac.uk/Search?words&view=list,CPD / Skills Bootcamp UK · cerrado a estudiantes extranjeros
09,"University of the West of England, Bristol",Health Promotion (Professional/Short course),curso_corto,Salud,no indicada,-,https://courses.uwe.ac.uk/Search?words&view=list,CPD / Skills Bootcamp UK · cerrado a estudiantes extranjeros
09,"University of the West of England, Bristol",Health Protection (Professional/Short course),curso_corto,Salud,no indicada,-,https://courses.uwe.ac.uk/Search?words&view=list,CPD / Skills Bootcamp UK · cerrado a estudiantes extranjeros
09,"University of the West of England, Bristol",Healthy Cities (Professional/Short Course),curso_corto,Salud,no indicada,-,https://courses.uwe.ac.uk/Search?words&view=list,CPD / Skills Bootcamp UK · cerrado a estudiantes extranjeros
09,"University of the West of England, Bristol",Housing and Healthy Neighbourhoods (Professional/Short course),curso_corto,Construcción e Inmobiliario,no indicada,-,https://courses.uwe.ac.uk/Search?words&view=list,CPD / Skills Bootcamp UK · cerrado a estudiantes extranjeros
09,"University of the West of England, Bristol",Human Anatomy and Physiology (Professional/Short course),curso_corto,Salud,no indicada,-,https://courses.uwe.ac.uk/Search?words&view=list,CPD / Skills Bootcamp UK · cerrado a estudiantes extranjeros
09,"University of the West of England, Bristol",Hydrogen Fuel Cell Systems (Professional/Short Course),curso_corto,Ingeniería,no indicada,-,https://courses.uwe.ac.uk/Search?words&view=list,CPD / Skills Bootcamp UK · cerrado a estudiantes extranjeros
09,"University of the West of England, Bristol",Immunology (Professional/Short course),curso_corto,Salud,no indicada,-,https://courses.uwe.ac.uk/Search?words&view=list,CPD / Skills Bootcamp UK · cerrado a estudiantes extranjeros
09,"University of the West of England, Bristol",Independent and/or Supplementary Prescribing (Professional/Short course),curso_corto,Salud,no indicada,-,https://courses.uwe.ac.uk/Search?words&view=list,CPD / Skills Bootcamp UK · cerrado a estudiantes extranjeros
09,"University of the West of England, Bristol",Infection and Disease (Professional/Short course),curso_corto,Salud,no indicada,-,https://courses.uwe.ac.uk/Search?words&view=list,CPD / Skills Bootcamp UK · cerrado a estudiantes extranjeros
09,"University of the West of England, Bristol",Information and Digital Literacy (Professional course),curso_corto,Tecnología,no indicada,-,https://courses.uwe.ac.uk/Search?words&view=list,CPD / Skills Bootcamp UK · cerrado a estudiantes extranjeros
09,"University of the West of England, Bristol",Injection Therapy (Professional/Short course),curso_corto,Salud,no indicada,-,https://courses.uwe.ac.uk/Search?words&view=list,CPD / Skills Bootcamp UK · cerrado a estudiantes extranjeros
09,"University of the West of England, Bristol",Innovative Technology in Healthcare (Professional/Short course),curso_corto,Salud,no indicada,-,https://courses.uwe.ac.uk/Search?words&view=list,CPD / Skills Bootcamp UK · cerrado a estudiantes extranjeros
09,"University of the West of England, Bristol",Integrated Practice for Sexual and Reproductive Health (Professional/Short course),curso_corto,Salud,no indicada,-,https://courses.uwe.ac.uk/Search?words&view=list,CPD / Skills Bootcamp UK · cerrado a estudiantes extranjeros
09,"University of the West of England, Bristol",Intra Orbital Foreign Body (IOFB) Reporting for Radiographers (Study day),curso_corto,Salud,no indicada,-,https://courses.uwe.ac.uk/Search?words&view=list,CPD / Skills Bootcamp UK · cerrado a estudiantes extranjeros
09,"University of the West of England, Bristol",Introduction to Clinical Echocardiography (Professional/Short course),curso_corto,Salud,no indicada,-,https://courses.uwe.ac.uk/Search?words&view=list,CPD / Skills Bootcamp UK · cerrado a estudiantes extranjeros
09,"University of the West of England, Bristol",Introduction to Coaching and Mentoring: A Collaborative Workshop (Continuing Professional Development),curso_corto,Negocios,no indicada,-,https://courses.uwe.ac.uk/Search?words&view=list,CPD / Skills Bootcamp UK · cerrado a estudiantes extranjeros
09,"University of the West of England, Bristol",Introduction to Environmental and Public Health (Professional/Short course),curso_corto,Salud,no indicada,-,https://courses.uwe.ac.uk/Search?words&view=list,CPD / Skills Bootcamp UK · cerrado a estudiantes extranjeros
09,"University of the West of England, Bristol",Introduction to Global Public Health (Professional/Short course),curso_corto,Salud,no indicada,-,https://courses.uwe.ac.uk/Search?words&view=list,CPD / Skills Bootcamp UK · cerrado a estudiantes extranjeros
09,"University of the West of England, Bristol",Introduction to Neurodiversity Awareness in the Workplace (Continuing Professional Development),curso_corto,Psicología y Trabajo Social,no indicada,-,https://courses.uwe.ac.uk/Search?words&view=list,CPD / Skills Bootcamp UK · cerrado a estudiantes extranjeros
09,"University of the West of England, Bristol","Introduction to Race, Social Justice and Sustainability (Professional/Short course)",curso_corto,Ciencias y Medio Ambiente,no indicada,-,https://courses.uwe.ac.uk/Search?words&view=list,CPD / Skills Bootcamp UK · cerrado a estudiantes extranjeros
09,"University of the West of England, Bristol",Introduction to Radiation Physics and Safety (Professional/Short course),curso_corto,Salud,no indicada,-,https://courses.uwe.ac.uk/Search?words&view=list,CPD / Skills Bootcamp UK · cerrado a estudiantes extranjeros
09,"University of the West of England, Bristol",Introduction to Sleep Medicine (Professional/Short course),curso_corto,Salud,no indicada,-,https://courses.uwe.ac.uk/Search?words&view=list,CPD / Skills Bootcamp UK · cerrado a estudiantes extranjeros
09,"University of the West of England, Bristol",Introduction to Urban Greening (Professional/Short Course),curso_corto,Arquitectura y Diseño,no indicada,-,https://courses.uwe.ac.uk/Search?words&view=list,CPD / Skills Bootcamp UK · cerrado a estudiantes extranjeros
09,"University of the West of England, Bristol",iQTS - International Qualified Teacher Status (Professional course),curso_corto,Educación,no indicada,-,https://courses.uwe.ac.uk/Search?words&view=list,CPD / Skills Bootcamp UK · cerrado a estudiantes extranjeros
09,"University of the West of England, Bristol",Knowledge Management (Professional course),curso_corto,Tecnología,no indicada,-,https://courses.uwe.ac.uk/Search?words&view=list,CPD / Skills Bootcamp UK · cerrado a estudiantes extranjeros
09,"University of the West of England, Bristol",Knowledge Mobilisation (Professional/Short course),curso_corto,Tecnología,no indicada,-,https://courses.uwe.ac.uk/Search?words&view=list,CPD / Skills Bootcamp UK · cerrado a estudiantes extranjeros
09,"University of the West of England, Bristol",Knowledge Organisation (Professional/Short Course),curso_corto,Tecnología,no indicada,-,https://courses.uwe.ac.uk/Search?words&view=list,CPD / Skills Bootcamp UK · cerrado a estudiantes extranjeros
09,"University of the West of England, Bristol",Leadership and Innovation (Professional/Short course),curso_corto,Negocios,no indicada,-,https://courses.uwe.ac.uk/Search?words&view=list,CPD / Skills Bootcamp UK · cerrado a estudiantes extranjeros
09,"University of the West of England, Bristol",Leadership and Resilience for Creative and Cultural Work Skills Bootcamp (Skills Bootcamp),bootcamp,Negocios,no indicada,-,https://courses.uwe.ac.uk/Search?words&view=list,CPD / Skills Bootcamp UK · cerrado a estudiantes extranjeros
09,"University of the West of England, Bristol",Leadership for Public Health (Professional/Short course),curso_corto,Negocios,no indicada,-,https://courses.uwe.ac.uk/Search?words&view=list,CPD / Skills Bootcamp UK · cerrado a estudiantes extranjeros
09,"University of the West of England, Bristol",Leading Change - face-to-face delivery (Professional/Short course),curso_corto,Negocios,no indicada,-,https://courses.uwe.ac.uk/Search?words&view=list,CPD / Skills Bootcamp UK · cerrado a estudiantes extranjeros
09,"University of the West of England, Bristol",Life Science for Clinical Engineering (Professional/Short course),curso_corto,Ingeniería,no indicada,-,https://courses.uwe.ac.uk/Search?words&view=list,CPD / Skills Bootcamp UK · cerrado a estudiantes extranjeros
09,"University of the West of England, Bristol",LivDem Post Diagnostic Facilitator Training (Study day),curso_corto,Psicología y Trabajo Social,no indicada,-,https://courses.uwe.ac.uk/Search?words&view=list,CPD / Skills Bootcamp UK · cerrado a estudiantes extranjeros
09,"University of the West of England, Bristol",Long Term Conditions (Professional/Short course),curso_corto,Salud,no indicada,-,https://courses.uwe.ac.uk/Search?words&view=list,CPD / Skills Bootcamp UK · cerrado a estudiantes extranjeros
09,"University of the West of England, Bristol",Low/Zero-Impact Buildings (Professional course),curso_corto,Construcción e Inmobiliario,no indicada,-,https://courses.uwe.ac.uk/Search?words&view=list,CPD / Skills Bootcamp UK · cerrado a estudiantes extranjeros
09,"University of the West of England, Bristol",Magnetic Resonance Imaging Technology (Professional/Short course),curso_corto,Salud,no indicada,-,https://courses.uwe.ac.uk/Search?words&view=list,CPD / Skills Bootcamp UK · cerrado a estudiantes extranjeros
09,"University of the West of England, Bristol",Management of Clinical Services (Professional/Short course),curso_corto,Negocios,no indicada,-,https://courses.uwe.ac.uk/Search?words&view=list,CPD / Skills Bootcamp UK · cerrado a estudiantes extranjeros
09,"University of the West of England, Bristol",Managerial Finance for the Built Environment (Professional/Short Course),curso_corto,Construcción e Inmobiliario,no indicada,-,https://courses.uwe.ac.uk/Search?words&view=list,CPD / Skills Bootcamp UK · cerrado a estudiantes extranjeros
09,"University of the West of England, Bristol",Managerial Finance for the Built Environment (Distance Learning) (Professional/Short Course),curso_corto,Construcción e Inmobiliario,no indicada,-,https://courses.uwe.ac.uk/Search?words&view=list,CPD / Skills Bootcamp UK · cerrado a estudiantes extranjeros
09,"University of the West of England, Bristol",Managing Fatigue in Long Term Health Conditions (Professional/Short course),curso_corto,Salud,no indicada,-,https://courses.uwe.ac.uk/Search?words&view=list,CPD / Skills Bootcamp UK · cerrado a estudiantes extranjeros
09,"University of the West of England, Bristol",Managing Maternal Critical Care (Professional/Short course),curso_corto,Salud,no indicada,-,https://courses.uwe.ac.uk/Search?words&view=list,CPD / Skills Bootcamp UK · cerrado a estudiantes extranjeros
09,"University of the West of England, Bristol",Managing Practice Learning for Social Work Students (Study day),curso_corto,Psicología y Trabajo Social,no indicada,-,https://courses.uwe.ac.uk/Search?words&view=list,CPD / Skills Bootcamp UK · cerrado a estudiantes extranjeros
09,"University of the West of England, Bristol",Managing Projects Successfully (Continuing Professional Development),curso_corto,Negocios,no indicada,-,https://courses.uwe.ac.uk/Search?words&view=list,CPD / Skills Bootcamp UK · cerrado a estudiantes extranjeros
09,"University of the West of England, Bristol",Managing Projects Successfully Skills Bootcamp (Skills Bootcamp),bootcamp,Negocios,no indicada,-,https://courses.uwe.ac.uk/Search?words&view=list,CPD / Skills Bootcamp UK · cerrado a estudiantes extranjeros
09,"University of the West of England, Bristol",Mastering Emergency Care (Professional/Short course),curso_corto,Salud,no indicada,-,https://courses.uwe.ac.uk/Search?words&view=list,CPD / Skills Bootcamp UK · cerrado a estudiantes extranjeros
09,"University of the West of England, Bristol",Masters Dissertation (Distance Learning) (Professional/Short course),curso_corto,Investigación,no indicada,-,https://courses.uwe.ac.uk/Search?words&view=list,CPD / Skills Bootcamp UK · cerrado a estudiantes extranjeros
09,"University of the West of England, Bristol",Medical Genetics (Professional/Short course),curso_corto,Salud,no indicada,-,https://courses.uwe.ac.uk/Search?words&view=list,CPD / Skills Bootcamp UK · cerrado a estudiantes extranjeros
09,"University of the West of England, Bristol",Medical Microbiology (Professional/Short course),curso_corto,Salud,no indicada,-,https://courses.uwe.ac.uk/Search?words&view=list,CPD / Skills Bootcamp UK · cerrado a estudiantes extranjeros
09,"University of the West of England, Bristol",Medication Management in Mental Health Practice (Professional/Short course),curso_corto,Psicología y Trabajo Social,no indicada,-,https://courses.uwe.ac.uk/Search?words&view=list,CPD / Skills Bootcamp UK · cerrado a estudiantes extranjeros
09,"University of the West of England, Bristol",Mental Health and Well-Being of Children and Young People (Professional/Short course),curso_corto,Psicología y Trabajo Social,no indicada,-,https://courses.uwe.ac.uk/Search?words&view=list,CPD / Skills Bootcamp UK · cerrado a estudiantes extranjeros
09,"University of the West of England, Bristol",Mindful Eating (Study day),curso_corto,Psicología y Trabajo Social,no indicada,-,https://courses.uwe.ac.uk/Search?words&view=list,CPD / Skills Bootcamp UK · cerrado a estudiantes extranjeros
09,"University of the West of England, Bristol",Mindfulness-Based Stress Reduction (Study day),curso_corto,Psicología y Trabajo Social,no indicada,-,https://courses.uwe.ac.uk/Search?words&view=list,CPD / Skills Bootcamp UK · cerrado a estudiantes extranjeros
09,"University of the West of England, Bristol",Minor Illness and Minor Injury in Children (Professional/Short course),curso_corto,Salud,no indicada,-,https://courses.uwe.ac.uk/Search?words&view=list,CPD / Skills Bootcamp UK · cerrado a estudiantes extranjeros
09,"University of the West of England, Bristol",Motivational Interviewing (Study day),curso_corto,Psicología y Trabajo Social,no indicada,-,https://courses.uwe.ac.uk/Search?words&view=list,CPD / Skills Bootcamp UK · cerrado a estudiantes extranjeros
09,"University of the West of England, Bristol",MRI for Radiographic Assistants (Study day),curso_corto,Salud,no indicada,-,https://courses.uwe.ac.uk/Search?words&view=list,CPD / Skills Bootcamp UK · cerrado a estudiantes extranjeros
09,"University of the West of England, Bristol",Musculo-skeletal Rehabilitation (Professional/Short course),curso_corto,Salud,no indicada,-,https://courses.uwe.ac.uk/Search?words&view=list,CPD / Skills Bootcamp UK · cerrado a estudiantes extranjeros
09,"University of the West of England, Bristol",Negotiated Specialist Ultrasound Practice (1) (Professional/Short course),curso_corto,Negocios,no indicada,-,https://courses.uwe.ac.uk/Search?words&view=list,CPD / Skills Bootcamp UK · cerrado a estudiantes extranjeros
09,"University of the West of England, Bristol",Negotiated Specialist Ultrasound Practice (2) (Professional/Short course),curso_corto,Negocios,no indicada,-,https://courses.uwe.ac.uk/Search?words&view=list,CPD / Skills Bootcamp UK · cerrado a estudiantes extranjeros
09,"University of the West of England, Bristol",Negotiated Specialist Ultrasound Practice (3) (Professional/Short course),curso_corto,Negocios,no indicada,-,https://courses.uwe.ac.uk/Search?words&view=list,CPD / Skills Bootcamp UK · cerrado a estudiantes extranjeros
09,"University of the West of England, Bristol",Negotiated Specialist Ultrasound Practice (4) (Professional/Short course),curso_corto,Negocios,no indicada,-,https://courses.uwe.ac.uk/Search?words&view=list,CPD / Skills Bootcamp UK · cerrado a estudiantes extranjeros
09,"University of the West of England, Bristol",Negotiated Specialist Ultrasound Practice (5) (Professional/Short course),curso_corto,Negocios,no indicada,-,https://courses.uwe.ac.uk/Search?words&view=list,CPD / Skills Bootcamp UK · cerrado a estudiantes extranjeros
09,"University of the West of England, Bristol",Negotiated Specialist Ultrasound Practice (6) (Professional/Short course),curso_corto,Negocios,no indicada,-,https://courses.uwe.ac.uk/Search?words&view=list,CPD / Skills Bootcamp UK · cerrado a estudiantes extranjeros
09,"University of the West of England, Bristol",Neonatal Critical Care (Professional/Short course),curso_corto,Salud,no indicada,-,https://courses.uwe.ac.uk/Search?words&view=list,CPD / Skills Bootcamp UK · cerrado a estudiantes extranjeros
09,"University of the West of England, Bristol",Neurorehabilitation (Professional/Short course),curso_corto,Salud,no indicada,-,https://courses.uwe.ac.uk/Search?words&view=list,CPD / Skills Bootcamp UK · cerrado a estudiantes extranjeros
09,"University of the West of England, Bristol",New Leaders Programme (ILM level 3) (Continuing Professional Development),curso_corto,Negocios,no indicada,-,https://courses.uwe.ac.uk/Search?words&view=list,CPD / Skills Bootcamp UK · cerrado a estudiantes extranjeros
09,"University of the West of England, Bristol",Non-Accidental Injury (Study Day - Suspected Physical Abuse),curso_corto,Medicina,no indicada,-,https://courses.uwe.ac.uk/Search?words&view=list,CPD / Skills Bootcamp UK · cerrado a estudiantes extranjeros
09,"University of the West of England, Bristol",Nuclear Medicine - the Requisites for Assistant Practitioners (Study day),curso_corto,Salud,no indicada,-,https://courses.uwe.ac.uk/Search?words&view=list,CPD / Skills Bootcamp UK · cerrado a estudiantes extranjeros
09,"University of the West of England, Bristol",Obstetric Ultrasound in Practice (Professional/Short course),curso_corto,Salud,no indicada,-,https://courses.uwe.ac.uk/Search?words&view=list,CPD / Skills Bootcamp UK · cerrado a estudiantes extranjeros
09,"University of the West of England, Bristol",On treatment review: radiotherapy (Professional/Short course),curso_corto,Salud,no indicada,-,https://courses.uwe.ac.uk/Search?words&view=list,CPD / Skills Bootcamp UK · cerrado a estudiantes extranjeros
09,"University of the West of England, Bristol",Organisational Cultures in Education Leadership (Professional/Short course),curso_corto,Educación,no indicada,-,https://courses.uwe.ac.uk/Search?words&view=list,CPD / Skills Bootcamp UK · cerrado a estudiantes extranjeros
09,"University of the West of England, Bristol",Organoleptic Judge Course (Study day),curso_corto,Salud,no indicada,-,https://courses.uwe.ac.uk/Search?words&view=list,CPD / Skills Bootcamp UK · cerrado a estudiantes extranjeros
09,"University of the West of England, Bristol",Orthopaedics: Trauma and Surgery (Professional/Short course),curso_corto,Salud,no indicada,-,https://courses.uwe.ac.uk/Search?words&view=list,CPD / Skills Bootcamp UK · cerrado a estudiantes extranjeros
09,"University of the West of England, Bristol",Paediatric Skeleton (Study Day - Southwest Emergency X-ray Interpretation),curso_corto,Salud,no indicada,-,https://courses.uwe.ac.uk/Search?words&view=list,CPD / Skills Bootcamp UK · cerrado a estudiantes extranjeros
09,"University of the West of England, Bristol",Pathophysiology and Diagnostic Reasoning in Clinical Practice (Professional/Short course),curso_corto,Salud,no indicada,-,https://courses.uwe.ac.uk/Search?words&view=list,CPD / Skills Bootcamp UK · cerrado a estudiantes extranjeros
09,"University of the West of England, Bristol",Personal Leadership (Professional/Short course),curso_corto,Negocios,no indicada,-,https://courses.uwe.ac.uk/Search?words&view=list,CPD / Skills Bootcamp UK · cerrado a estudiantes extranjeros
09,"University of the West of England, Bristol",Physical Assessment and Clinical Reasoning for Practice (Professional/Short course),curso_corto,Salud,no indicada,-,https://courses.uwe.ac.uk/Search?words&view=list,CPD / Skills Bootcamp UK · cerrado a estudiantes extranjeros
09,"University of the West of England, Bristol",Physical Assessment and Clinical Reasoning of the Presenting Child (Professional/Short course),curso_corto,Salud,no indicada,-,https://courses.uwe.ac.uk/Search?words&view=list,CPD / Skills Bootcamp UK · cerrado a estudiantes extranjeros
09,"University of the West of England, Bristol",Practice Assessor (Professional/Short course),curso_corto,Salud,no indicada,-,https://courses.uwe.ac.uk/Search?words&view=list,CPD / Skills Bootcamp UK · cerrado a estudiantes extranjeros
09,"University of the West of England, Bristol",Practice Learning and Student Support (Professional/Short course),curso_corto,Desarrollo Profesional,no indicada,-,https://courses.uwe.ac.uk/Search?words&view=list,CPD / Skills Bootcamp UK · cerrado a estudiantes extranjeros
09,"University of the West of England, Bristol",Pre-Hospital Trauma Care (Professional/Short course),curso_corto,Salud,no indicada,-,https://courses.uwe.ac.uk/Search?words&view=list,CPD / Skills Bootcamp UK · cerrado a estudiantes extranjeros
09,"University of the West of England, Bristol",Pre-Sessional English Programme (Professional course),curso_corto,Idiomas,no indicada,-,https://courses.uwe.ac.uk/Search?words&view=list,CPD / Skills Bootcamp UK · cerrado a estudiantes extranjeros
09,"University of the West of England, Bristol",Preoperative Assessment in Clinical Practice (Professional/Short course),curso_corto,Salud,no indicada,-,https://courses.uwe.ac.uk/Search?words&view=list,CPD / Skills Bootcamp UK · cerrado a estudiantes extranjeros
09,"University of the West of England, Bristol",Preparation for Health and Care Research (Professional/Short course),curso_corto,Salud,no indicada,-,https://courses.uwe.ac.uk/Search?words&view=list,CPD / Skills Bootcamp UK · cerrado a estudiantes extranjeros
09,"University of the West of England, Bristol",Preparation of Professional Nurse and Midwifery Advocates (Professional/Short course),curso_corto,Enfermería,no indicada,-,https://courses.uwe.ac.uk/Search?words&view=list,CPD / Skills Bootcamp UK · cerrado a estudiantes extranjeros
09,"University of the West of England, Bristol",PREPUWE: Academic English (Professional/Short course),curso_corto,Idiomas,no indicada,-,https://courses.uwe.ac.uk/Search?words&view=list,CPD / Skills Bootcamp UK · cerrado a estudiantes extranjeros
09,"University of the West of England, Bristol",Prince2 Agile Foundation for Project Management - online delivery (Continuing Professional Development),curso_corto,Negocios,no indicada,-,https://courses.uwe.ac.uk/Search?words&view=list,CPD / Skills Bootcamp UK · cerrado a estudiantes extranjeros
09,"University of the West of England, Bristol",Prince2 Agile Practitioner for Project Management - online delivery (Continuing Professional Development),curso_corto,Negocios,no indicada,-,https://courses.uwe.ac.uk/Search?words&view=list,CPD / Skills Bootcamp UK · cerrado a estudiantes extranjeros
09,"University of the West of England, Bristol",Prince2 Foundation for Project Management - online delivery (Continuing Professional Development),curso_corto,Negocios,no indicada,-,https://courses.uwe.ac.uk/Search?words&view=list,CPD / Skills Bootcamp UK · cerrado a estudiantes extranjeros
09,"University of the West of England, Bristol",Prince2 Practitioner for Project Management - online delivery (Continuing Professional Development),curso_corto,Negocios,no indicada,-,https://courses.uwe.ac.uk/Search?words&view=list,CPD / Skills Bootcamp UK · cerrado a estudiantes extranjeros
09,"University of the West of England, Bristol",Principles of Critical Care (Professional/Short course),curso_corto,Salud,no indicada,-,https://courses.uwe.ac.uk/Search?words&view=list,CPD / Skills Bootcamp UK · cerrado a estudiantes extranjeros
09,"University of the West of England, Bristol",Principles of Dementia Care (Professional/Short course),curso_corto,Psicología y Trabajo Social,no indicada,-,https://courses.uwe.ac.uk/Search?words&view=list,CPD / Skills Bootcamp UK · cerrado a estudiantes extranjeros
09,"University of the West of England, Bristol",Principles of Neurosciences (Professional/Short course),curso_corto,Salud,no indicada,-,https://courses.uwe.ac.uk/Search?words&view=list,CPD / Skills Bootcamp UK · cerrado a estudiantes extranjeros
09,"University of the West of England, Bristol",Professional Experience Development Record Supervision (Professional/Short course),curso_corto,Desarrollo Profesional,no indicada,-,https://courses.uwe.ac.uk/Search?words&view=list,CPD / Skills Bootcamp UK · cerrado a estudiantes extranjeros
09,"University of the West of England, Bristol",Professional Issues in Ultrasound (Professional/Short course),curso_corto,Salud,no indicada,-,https://courses.uwe.ac.uk/Search?words&view=list,CPD / Skills Bootcamp UK · cerrado a estudiantes extranjeros
09,"University of the West of England, Bristol",Professional Practice for Respiratory Science (Professional/Short course),curso_corto,Salud,no indicada,-,https://courses.uwe.ac.uk/Search?words&view=list,CPD / Skills Bootcamp UK · cerrado a estudiantes extranjeros
09,"University of the West of England, Bristol",Professional Practice in Self Leadership (Continuing Professional Development),curso_corto,Negocios,no indicada,-,https://courses.uwe.ac.uk/Search?words&view=list,CPD / Skills Bootcamp UK · cerrado a estudiantes extranjeros
09,"University of the West of England, Bristol",Professional Skills Course (Professional course),curso_corto,Desarrollo Profesional,no indicada,-,https://courses.uwe.ac.uk/Search?words&view=list,CPD / Skills Bootcamp UK · cerrado a estudiantes extranjeros
09,"University of the West of England, Bristol",Promoting Sexual Health in Practice (Professional/Short course),curso_corto,Salud,no indicada,-,https://courses.uwe.ac.uk/Search?words&view=list,CPD / Skills Bootcamp UK · cerrado a estudiantes extranjeros
09,"University of the West of England, Bristol",Promoting the Health of School-Aged Children in the Community (Professional/Short course),curso_corto,Salud,no indicada,-,https://courses.uwe.ac.uk/Search?words&view=list,CPD / Skills Bootcamp UK · cerrado a estudiantes extranjeros
09,"University of the West of England, Bristol","Public Health Policy, Politics and Economics (Professional/Short course)",curso_corto,Negocios,no indicada,-,https://courses.uwe.ac.uk/Search?words&view=list,CPD / Skills Bootcamp UK · cerrado a estudiantes extranjeros
09,"University of the West of England, Bristol",Qualitative Health and Care Research (Professional/Short course),curso_corto,Salud,no indicada,-,https://courses.uwe.ac.uk/Search?words&view=list,CPD / Skills Bootcamp UK · cerrado a estudiantes extranjeros
09,"University of the West of England, Bristol",Quantitative Health and Care Research (Professional/Short course),curso_corto,Salud,no indicada,-,https://courses.uwe.ac.uk/Search?words&view=list,CPD / Skills Bootcamp UK · cerrado a estudiantes extranjeros
09,"University of the West of England, Bristol",Quantitative Health Research (Professional/Short course),curso_corto,Salud,no indicada,-,https://courses.uwe.ac.uk/Search?words&view=list,CPD / Skills Bootcamp UK · cerrado a estudiantes extranjeros
09,"University of the West of England, Bristol",Real Estate Economics and Valuations (Professional/Short Course),curso_corto,Construcción e Inmobiliario,no indicada,-,https://courses.uwe.ac.uk/Search?words&view=list,CPD / Skills Bootcamp UK · cerrado a estudiantes extranjeros
09,"University of the West of England, Bristol",Real Estate Economics and Valuations (Distance Learning) (Professional/Short Course),curso_corto,Construcción e Inmobiliario,no indicada,-,https://courses.uwe.ac.uk/Search?words&view=list,CPD / Skills Bootcamp UK · cerrado a estudiantes extranjeros
09,"University of the West of England, Bristol",Real Estate Finance and Investment (Professional/Short Course),curso_corto,Construcción e Inmobiliario,no indicada,-,https://courses.uwe.ac.uk/Search?words&view=list,CPD / Skills Bootcamp UK · cerrado a estudiantes extranjeros
09,"University of the West of England, Bristol",Real Estate Investment and Development (Professional/Short Course),curso_corto,Construcción e Inmobiliario,no indicada,-,https://courses.uwe.ac.uk/Search?words&view=list,CPD / Skills Bootcamp UK · cerrado a estudiantes extranjeros
09,"University of the West of England, Bristol",Real Estate Investment and Development (Distance Learning) (Professional/Short Course),curso_corto,Construcción e Inmobiliario,no indicada,-,https://courses.uwe.ac.uk/Search?words&view=list,CPD / Skills Bootcamp UK · cerrado a estudiantes extranjeros
09,"University of the West of England, Bristol",Real Estate Law (Professional/Short Course),curso_corto,Derecho,no indicada,-,https://courses.uwe.ac.uk/Search?words&view=list,CPD / Skills Bootcamp UK · cerrado a estudiantes extranjeros
09,"University of the West of England, Bristol",Real Estate Law (Distance Learning) (Professional/Short Course),curso_corto,Derecho,no indicada,-,https://courses.uwe.ac.uk/Search?words&view=list,CPD / Skills Bootcamp UK · cerrado a estudiantes extranjeros
09,"University of the West of England, Bristol",Realising Your Talent Potential: A Guide to Navigating the World of Talent Management (Professional/Short course),curso_corto,Negocios,no indicada,-,https://courses.uwe.ac.uk/Search?words&view=list,CPD / Skills Bootcamp UK · cerrado a estudiantes extranjeros
09,"University of the West of England, Bristol",Rehabilitation (Professional/Short course),curso_corto,Salud,no indicada,-,https://courses.uwe.ac.uk/Search?words&view=list,CPD / Skills Bootcamp UK · cerrado a estudiantes extranjeros
09,"University of the West of England, Bristol",Remote Clinical Decision Making (Hear and Treat) (Professional/Short course),curso_corto,Salud,no indicada,-,https://courses.uwe.ac.uk/Search?words&view=list,CPD / Skills Bootcamp UK · cerrado a estudiantes extranjeros
09,"University of the West of England, Bristol",Renal Failure and Haemodialysis Access (Study day),curso_corto,Salud,no indicada,-,https://courses.uwe.ac.uk/Search?words&view=list,CPD / Skills Bootcamp UK · cerrado a estudiantes extranjeros
09,"University of the West of England, Bristol",Reporting Skills in Nuclear Medicine (Professional/Short course),curso_corto,Salud,no indicada,-,https://courses.uwe.ac.uk/Search?words&view=list,CPD / Skills Bootcamp UK · cerrado a estudiantes extranjeros
09,"University of the West of England, Bristol",Research Design and Methodologies (Professional/Short Course),curso_corto,Investigación,no indicada,-,https://courses.uwe.ac.uk/Search?words&view=list,CPD / Skills Bootcamp UK · cerrado a estudiantes extranjeros
09,"University of the West of England, Bristol",Research Dissertation Project (Professional/Short course),curso_corto,Salud,no indicada,-,https://courses.uwe.ac.uk/Search?words&view=list,CPD / Skills Bootcamp UK · cerrado a estudiantes extranjeros
09,"University of the West of England, Bristol",Research in Context (Professional/Short Course),curso_corto,Investigación,no indicada,-,https://courses.uwe.ac.uk/Search?words&view=list,CPD / Skills Bootcamp UK · cerrado a estudiantes extranjeros
09,"University of the West of England, Bristol",Research Methodology and Statistics (Professional/Short course),curso_corto,Matemáticas y Datos,no indicada,-,https://courses.uwe.ac.uk/Search?words&view=list,CPD / Skills Bootcamp UK · cerrado a estudiantes extranjeros
09,"University of the West of England, Bristol",Research Methods (Professional/Short course),curso_corto,Investigación,no indicada,-,https://courses.uwe.ac.uk/Search?words&view=list,CPD / Skills Bootcamp UK · cerrado a estudiantes extranjeros
09,"University of the West of England, Bristol",Research Project (Professional/Short course),curso_corto,Salud,no indicada,-,https://courses.uwe.ac.uk/Search?words&view=list,CPD / Skills Bootcamp UK · cerrado a estudiantes extranjeros
09,"University of the West of England, Bristol",Researching Beneath the Surface (Professional/Short course),curso_corto,Investigación,no indicada,-,https://courses.uwe.ac.uk/Search?words&view=list,CPD / Skills Bootcamp UK · cerrado a estudiantes extranjeros
09,"University of the West of England, Bristol",Researching Education (Professional/Short course),curso_corto,Educación,no indicada,-,https://courses.uwe.ac.uk/Search?words&view=list,CPD / Skills Bootcamp UK · cerrado a estudiantes extranjeros
09,"University of the West of England, Bristol",Return to Midwifery Practice (Professional/Short course),curso_corto,Enfermería,no indicada,-,https://courses.uwe.ac.uk/Search?words&view=list,CPD / Skills Bootcamp UK · cerrado a estudiantes extranjeros
09,"University of the West of England, Bristol",Return to Practice (Professional/Short course),curso_corto,Salud,no indicada,-,https://courses.uwe.ac.uk/Search?words&view=list,CPD / Skills Bootcamp UK · cerrado a estudiantes extranjeros
09,"University of the West of England, Bristol",Scaling Green Business: SME Growth Skills Bootcamp (Skills Bootcamp),bootcamp,Negocios,no indicada,-,https://courses.uwe.ac.uk/Search?words&view=list,CPD / Skills Bootcamp UK · cerrado a estudiantes extranjeros
09,"University of the West of England, Bristol",Science and Instrumentation in Current Nuclear Medicine Practice (Professional/Short course),curso_corto,Salud,no indicada,-,https://courses.uwe.ac.uk/Search?words&view=list,CPD / Skills Bootcamp UK · cerrado a estudiantes extranjeros
09,"University of the West of England, Bristol",Science Communication Building Blocks (Professional/Short course),curso_corto,Construcción e Inmobiliario,no indicada,-,https://courses.uwe.ac.uk/Search?words&view=list,CPD / Skills Bootcamp UK · cerrado a estudiantes extranjeros
09,"University of the West of England, Bristol",Science Communication: Masterclass (Professional/Short course),curso_corto,Comunicación y Artes,no indicada,-,https://courses.uwe.ac.uk/Search?words&view=list,CPD / Skills Bootcamp UK · cerrado a estudiantes extranjeros
09,"University of the West of England, Bristol",Skills Bootcamp in Embedding Organisational Sustainability (Skills Bootcamp),bootcamp,Ciencias y Medio Ambiente,no indicada,-,https://courses.uwe.ac.uk/Search?words&view=list,CPD / Skills Bootcamp UK · cerrado a estudiantes extranjeros
09,"University of the West of England, Bristol",Sleep Disorders (Professional/Short course),curso_corto,Salud,no indicada,-,https://courses.uwe.ac.uk/Search?words&view=list,CPD / Skills Bootcamp UK · cerrado a estudiantes extranjeros
09,"University of the West of England, Bristol",Smart Sensing (Professional/Short course),curso_corto,Tecnología,no indicada,-,https://courses.uwe.ac.uk/Search?words&view=list,CPD / Skills Bootcamp UK · cerrado a estudiantes extranjeros
09,"University of the West of England, Bristol",Specialist Health Protection Training Course (Professional/Short course),curso_corto,Salud,no indicada,-,https://courses.uwe.ac.uk/Search?words&view=list,CPD / Skills Bootcamp UK · cerrado a estudiantes extranjeros
09,"University of the West of England, Bristol",Strategic Digital Marketing Skills Bootcamp (Skills Bootcamp),bootcamp,Negocios,no indicada,-,https://courses.uwe.ac.uk/Search?words&view=list,CPD / Skills Bootcamp UK · cerrado a estudiantes extranjeros
09,"University of the West of England, Bristol",Strategic Estate Management (Professional/Short Course),curso_corto,Construcción e Inmobiliario,no indicada,-,https://courses.uwe.ac.uk/Search?words&view=list,CPD / Skills Bootcamp UK · cerrado a estudiantes extranjeros
09,"University of the West of England, Bristol",Strategic Estate Management (Distance Learning) (Professional/Short Course),curso_corto,Construcción e Inmobiliario,no indicada,-,https://courses.uwe.ac.uk/Search?words&view=list,CPD / Skills Bootcamp UK · cerrado a estudiantes extranjeros
09,"University of the West of England, Bristol",Strategic Leaders Programme (ILM level 7) (Continuing Professional Development),curso_corto,Negocios,no indicada,-,https://courses.uwe.ac.uk/Search?words&view=list,CPD / Skills Bootcamp UK · cerrado a estudiantes extranjeros
09,"University of the West of England, Bristol",Street Network Planning and Design (Professional course),curso_corto,Transporte y Planificación Urbana,no indicada,-,https://courses.uwe.ac.uk/Search?words&view=list,CPD / Skills Bootcamp UK · cerrado a estudiantes extranjeros
09,"University of the West of England, Bristol",Stroke Care (Professional/Short course),curso_corto,Salud,no indicada,-,https://courses.uwe.ac.uk/Search?words&view=list,CPD / Skills Bootcamp UK · cerrado a estudiantes extranjeros
09,"University of the West of England, Bristol",Studies in the Biology of Disease (Professional/Short course),curso_corto,Salud,no indicada,-,https://courses.uwe.ac.uk/Search?words&view=list,CPD / Skills Bootcamp UK · cerrado a estudiantes extranjeros
09,"University of the West of England, Bristol",Subfertility (Study day),curso_corto,Salud,no indicada,-,https://courses.uwe.ac.uk/Search?words&view=list,CPD / Skills Bootcamp UK · cerrado a estudiantes extranjeros
09,"University of the West of England, Bristol",Supervision Training for Music Therapists (Professional/Short course),curso_corto,Música,no indicada,-,https://courses.uwe.ac.uk/Search?words&view=list,CPD / Skills Bootcamp UK · cerrado a estudiantes extranjeros
09,"University of the West of England, Bristol",Supporting and Managing Those at Risk of Suicide (Professional/Short course),curso_corto,Psicología y Trabajo Social,no indicada,-,https://courses.uwe.ac.uk/Search?words&view=list,CPD / Skills Bootcamp UK · cerrado a estudiantes extranjeros
09,"University of the West of England, Bristol",Supporting Students in Practice (Professional/Short course),curso_corto,Desarrollo Profesional,no indicada,-,https://courses.uwe.ac.uk/Search?words&view=list,CPD / Skills Bootcamp UK · cerrado a estudiantes extranjeros
09,"University of the West of England, Bristol",Sustainability in the Built Environment (Professional/Short Course),curso_corto,Construcción e Inmobiliario,no indicada,-,https://courses.uwe.ac.uk/Search?words&view=list,CPD / Skills Bootcamp UK · cerrado a estudiantes extranjeros
09,"University of the West of England, Bristol",Sustainability in the Built Environment (Distance Learning) (Professional/Short Course),curso_corto,Construcción e Inmobiliario,no indicada,-,https://courses.uwe.ac.uk/Search?words&view=list,CPD / Skills Bootcamp UK · cerrado a estudiantes extranjeros
09,"University of the West of England, Bristol",Sustainable Transport Management and Operations (Professional course),curso_corto,Transporte y Planificación Urbana,no indicada,-,https://courses.uwe.ac.uk/Search?words&view=list,CPD / Skills Bootcamp UK · cerrado a estudiantes extranjeros
09,"University of the West of England, Bristol",Synoptic Module (without V100) (Professional/Short course),curso_corto,Salud,no indicada,-,https://courses.uwe.ac.uk/Search?words&view=list,CPD / Skills Bootcamp UK · cerrado a estudiantes extranjeros
09,"University of the West of England, Bristol",Systematic Review (Professional/Short course),curso_corto,Investigación,no indicada,-,https://courses.uwe.ac.uk/Search?words&view=list,CPD / Skills Bootcamp UK · cerrado a estudiantes extranjeros
09,"University of the West of England, Bristol",Teaching and Training Fundamentals (Professional/Short course),curso_corto,Educación,no indicada,-,https://courses.uwe.ac.uk/Search?words&view=list,CPD / Skills Bootcamp UK · cerrado a estudiantes extranjeros
09,"University of the West of England, Bristol",Techniques to Prevent or Reduce Work Related Musculoskeletal Disorders (WRMSD) (Study day),curso_corto,Salud,no indicada,-,https://courses.uwe.ac.uk/Search?words&view=list,CPD / Skills Bootcamp UK · cerrado a estudiantes extranjeros
09,"University of the West of England, Bristol",The Diabetic Foot (Study day),curso_corto,Salud,no indicada,-,https://courses.uwe.ac.uk/Search?words&view=list,CPD / Skills Bootcamp UK · cerrado a estudiantes extranjeros
09,"University of the West of England, Bristol",The Management of Head and Neck Cancer (Professional/Short course),curso_corto,Negocios,no indicada,-,https://courses.uwe.ac.uk/Search?words&view=list,CPD / Skills Bootcamp UK · cerrado a estudiantes extranjeros
09,"University of the West of England, Bristol",The Manager as Coach and Mentor (Professional/Short course),curso_corto,Negocios,no indicada,-,https://courses.uwe.ac.uk/Search?words&view=list,CPD / Skills Bootcamp UK · cerrado a estudiantes extranjeros
09,"University of the West of England, Bristol",Therapeutic Songwriting (Professional/Short course),curso_corto,Música,no indicada,-,https://courses.uwe.ac.uk/Search?words&view=list,CPD / Skills Bootcamp UK · cerrado a estudiantes extranjeros
09,"University of the West of England, Bristol",Transport Economics and Appraisal (Professional course),curso_corto,Transporte y Planificación Urbana,no indicada,-,https://courses.uwe.ac.uk/Search?words&view=list,CPD / Skills Bootcamp UK · cerrado a estudiantes extranjeros
09,"University of the West of England, Bristol",Transport Infrastructure Design (Professional course),curso_corto,Transporte y Planificación Urbana,no indicada,-,https://courses.uwe.ac.uk/Search?words&view=list,CPD / Skills Bootcamp UK · cerrado a estudiantes extranjeros
09,"University of the West of England, Bristol",Transport Modelling and Scenario Planning (Professional course),curso_corto,Transporte y Planificación Urbana,no indicada,-,https://courses.uwe.ac.uk/Search?words&view=list,CPD / Skills Bootcamp UK · cerrado a estudiantes extranjeros
09,"University of the West of England, Bristol",Transport Planning and Placemaking (Professional course),curso_corto,Transporte y Planificación Urbana,no indicada,-,https://courses.uwe.ac.uk/Search?words&view=list,CPD / Skills Bootcamp UK · cerrado a estudiantes extranjeros
09,"University of the West of England, Bristol",Transport Policy and Finance (Professional course),curso_corto,Transporte y Planificación Urbana,no indicada,-,https://courses.uwe.ac.uk/Search?words&view=list,CPD / Skills Bootcamp UK · cerrado a estudiantes extranjeros
09,"University of the West of England, Bristol",Ultrasound Assessment of Lower Limb Deep Vein Thrombosis (Study day),curso_corto,Salud,no indicada,-,https://courses.uwe.ac.uk/Search?words&view=list,CPD / Skills Bootcamp UK · cerrado a estudiantes extranjeros
09,"University of the West of England, Bristol",Ultrasound Assessment of the Carotid Arteries (Study day),curso_corto,Salud,no indicada,-,https://courses.uwe.ac.uk/Search?words&view=list,CPD / Skills Bootcamp UK · cerrado a estudiantes extranjeros
09,"University of the West of England, Bristol",Ultrasound Examination of Lumps and Bumps and the Groin (MSK) (Study day),curso_corto,Salud,no indicada,-,https://courses.uwe.ac.uk/Search?words&view=list,CPD / Skills Bootcamp UK · cerrado a estudiantes extranjeros
09,"University of the West of England, Bristol",Ultrasound Examination of the Lower Limb (MSK) (Study day),curso_corto,Salud,no indicada,-,https://courses.uwe.ac.uk/Search?words&view=list,CPD / Skills Bootcamp UK · cerrado a estudiantes extranjeros
09,"University of the West of England, Bristol",Ultrasound Examination of the Upper Limb (MSK) (Study day),curso_corto,Salud,no indicada,-,https://courses.uwe.ac.uk/Search?words&view=list,CPD / Skills Bootcamp UK · cerrado a estudiantes extranjeros
09,"University of the West of England, Bristol",Ultrasound Guided Intrauterine Brachytherapy (Study day),curso_corto,Salud,no indicada,-,https://courses.uwe.ac.uk/Search?words&view=list,CPD / Skills Bootcamp UK · cerrado a estudiantes extranjeros
09,"University of the West of England, Bristol",Ultrasound Imaging in Cardiac Disease (Professional/Short course),curso_corto,Salud,no indicada,-,https://courses.uwe.ac.uk/Search?words&view=list,CPD / Skills Bootcamp UK · cerrado a estudiantes extranjeros
09,"University of the West of England, Bristol",Ultrasound-guided Paracentesis (Study day),curso_corto,Salud,no indicada,-,https://courses.uwe.ac.uk/Search?words&view=list,CPD / Skills Bootcamp UK · cerrado a estudiantes extranjeros
09,"University of the West of England, Bristol",Understanding and Preventing Childhood Obesity (Study day),curso_corto,Nutrición y Alimentos,no indicada,-,https://courses.uwe.ac.uk/Search?words&view=list,CPD / Skills Bootcamp UK · cerrado a estudiantes extranjeros
09,"University of the West of England, Bristol",Urban Greening for a Biodiverse West of England Skills Bootcamp (Skills Bootcamp),bootcamp,Arquitectura y Diseño,no indicada,-,https://courses.uwe.ac.uk/Search?words&view=list,CPD / Skills Bootcamp UK · cerrado a estudiantes extranjeros
09,"University of the West of England, Bristol","Urban Greening: Planning, Design and Delivery (Professional/ShortCourse)",curso_corto,Arquitectura y Diseño,no indicada,-,https://courses.uwe.ac.uk/Search?words&view=list,CPD / Skills Bootcamp UK · cerrado a estudiantes extranjeros
09,"University of the West of England, Bristol",V100 Prescribing Practice (Professional/Short course),curso_corto,Salud,no indicada,-,https://courses.uwe.ac.uk/Search?words&view=list,CPD / Skills Bootcamp UK · cerrado a estudiantes extranjeros
09,"University of the West of England, Bristol",Work Based Health and Wellbeing (Professional/Short course),curso_corto,Derecho,no indicada,-,https://courses.uwe.ac.uk/Search?words&view=list,CPD / Skills Bootcamp UK · cerrado a estudiantes extranjeros
09,"University of the West of England, Bristol",Working with a Person Experiencing Mental Health Crisis (Professional/Short course),curso_corto,Psicología y Trabajo Social,no indicada,-,https://courses.uwe.ac.uk/Search?words&view=list,CPD / Skills Bootcamp UK · cerrado a estudiantes extranjeros
