institucion,estado,dominio_real,nombre_real,url_programas,cantidad_aprox,niveles_vistos,nota
HAWTHORN,ok,,Hawthorn Melbourne,https://www.hawthornenglish.edu.au/courses/,10,idiomas;pathway;high_school,"puede_vender=[vocacional] es incorrecto: no hay cursos VET, solo ELICOS y pathway academico (UMELBP es el bridging a University of Melbourne) mas English for High School y study tours. Sitio WordPress vivo, apex redirige a www. Afiliado a University of Melbourne pero con dominio y marca propios, por eso es ok y no otra_institucion."
HOLMESGLEN,ok,,Holmesglen Institute,https://www.holmesglen.edu.au/explore-courses,500,vocacional;pregrado;high_school;idiomas;pathway,"CRICOS 00012G. puede_vender=[vocacional, idiomas] se queda corto: tambien dicta pregrado (bachelors bajo higher education) y high_school (VCE/VETDSS/secondary). El listado carga por JavaScript y el sitemap (lastmod 2023) solo expone ~39 fichas de curso, asi que 500 es estimado sobre 13 areas de estudio, no conteo exacto."
Hilton Academy,dominio_nuevo,lesuisse.edu.au,Le Suisse Academy,https://lesuisse.edu.au/courses/,4,vocacional,"La ficha no traia dominio. hilton.edu.au vive pero redirige 301 a lesuisse.edu.au: rebrand de Hilton Academy a Le Suisse Academy conservando RTO 40735 y CRICOS 03796A, en Melbourne. Solo 4 cursos, todos hosteleria y cocina (Cert III Commercial Cookery, Cert IV Kitchen Management, Diploma y Advanced Diploma of Hospitality Management). puede_vender=[posgrado] es incorrecto: no hay posgrado, el techo es Advanced Diploma."
IELI - Intensive English Language Institute,dominio_muerto,,,,,,"NXDOMAIN confirmado en apex y www contra DNS de Google (8.8.8.8), no es caida temporal ni WAF ni 403. Era el instituto de ingles de Flinders University (contacto ieli@flinders.edu.au, campus Sturt) y la oferta migro a Flinders University International Academy en flinders.edu.au/international/academy/courses/english, que ya no usa la marca IELI. No pongo ese dominio como dominio_real porque es la universidad anfitriona, no el centro de idiomas de la ficha. Los resultados de buscador que muestran ieli.sa.edu.au vivo son cache viejo."
Impact English College,ok,,,https://www.impactenglish.edu.au/courses.html,11,idiomas;pathway,"Sitio vivo y estable, apex redirige a www; el timeout previo en www no se reprodujo. Cursos: General English, IELTS/EAP, EAP2, Cambridge FCE/CAE, Business English, Barista & Cafe English, OET Preparation, Extreme English, Demi Pair, Career Launch y Barista Kickstart. Ojo: opera dos campus, Melbourne y Brisbane, y la ficha solo registra Melbourne. Tiene subdominio en espanol (spanish.impactenglish.edu.au) util para agencia LatAm."
International House Sydney,dominio_muerto,,,,,,"ihsydney.com.au responde 200 pero NO es el colegio: sirve una pagina de parking de Above.com/Trellian (IP 103.224.182.246 con reverse lb-182-246.above.com) que dice 'This domain may be for sale', con redirect por fingerprint. Verificado tambien en /sitemap.xml y en una URL interna profunda, ambas devuelven el mismo parking. IH Sydney Training Services cerro operaciones el 9-dic-2024. ihsydney.com tambien esta parqueado y ihsydney.edu.au no resuelve. Las paginas internas que aparecen en buscadores son cache viejo, no contenido vivo."
JMC Academy,ok,,,https://www.jmcacademy.edu.au/our-courses/,25,vocacional;pregrado;posgrado,"Sitio propio y vivo de JMC Academy con campus Sydney, Brisbane y Melbourne. El listado /our-courses es un filtro JS por area y nivel: los nombres reales viven en un JSON embebido en el HTML, asi que la extraccion debe parsear ese JSON y no los enlaces. Discrepancia con puede_vender: la ficha solo dice vocacional pero hay 9 Bachelor, doble titulacion, Master of Creative Industries y Graduate Certificate/Diploma ademas de los 11 Diploma VET."
James Cook University JCU,ok,,,https://www.jcu.edu.au/courses,196,pregrado;posgrado;investigacion;pathway,"jcu.edu.au es James Cook University y el campus de Brisbane es suyo bajo la marca JCU Brisbane en jcu.edu.au/brisbane/courses (entregado bajo acuerdo con Russo Higher Education, sin sitio independiente: jcub.edu.au redirige a jcu.edu.au/brisbane), asi que la ficha esta bien asignada aunque la ciudad principal real es Townsville/Cairns, no Brisbane. Catalogo alterno mas completo en handbook.jcu.edu.au. El sitemap enumera ~196 URLs de curso mientras la portada /courses solo muestra ~116: extraer del sitemap."
Kaplan Business School - KBS,ok,,Kaplan Business School,https://www.kbs.edu.au/courses,36,vocacional;pregrado;posgrado,"Sitio propio de Kaplan Business School con los 5 campus de la ficha mas online. OJO para extraccion: /courses se renderiza por JavaScript y curl no devuelve ni un link de curso, hay que usar https://www.kbs.edu.au/sitemap.xml que enumera las 36 URLs /courses/ completas. Discrepancia con puede_vender: no hay ELICOS ni cursos de idiomas, solo negocios y TI (Diploma, Bachelor, Graduate Certificate/Diploma, Master, MBA con 8 especializaciones); el ingles alli es requisito de admision, no producto."
La Trobe College,ok,,La Trobe College Australia,https://www.latrobecollegeaustralia.edu.au/study-options/,20,idiomas;pathway;vocacional,"Sitio propio del pathway college de Navitas (Navitas Bundoora Pty Ltd, CRICOS 03312D) y no del grupo ni de la universidad, por eso es ok y no otra_institucion. Campus Melbourne (Bundoora) y Sydney confirmados. Catalogo estatico y facil de extraer: 6 certificates, 9 diplomas, 3 de ingles y 2 foundation. Discrepancia con puede_vender: NO hay posgrado y en cambio si hay idiomas (General English, English for Further Studies, IELTS) que la ficha omite."
La Trobe University,ok,,,https://www.latrobe.edu.au/courses/a-z,400,pregrado;posgrado;investigacion;vocacional;pathway,"CONFLICTO DE DOMINIO RESUELTO: latrobe.edu.au le corresponde a ESTA ficha; el sitio se titula 'La Trobe University, Melbourne Victoria Australia' y su sede principal es Bundoora/Melbourne. Cantidad en orden de magnitud de cientos: el sitemap lista ~396 paginas /courses/ y /courses/a-z indexa ~154 areas de interes, pero el buscador real es un Funnelback paginado con filtro por campus, asi que la extraccion debe atacar el sitemap y no el listado. Discrepancia con puede_vender: los cursos de idiomas no los entrega la universidad sino La Trobe College Australia (Navitas)."
La Trobe University Sydney,dominio_nuevo,latrobe.edu.au,La Trobe University Sydney Campus,https://www.latrobe.edu.au/sydney/study/courses,30,pathway;vocacional;pregrado;posgrado,"CONFLICTO DE DOMINIO RESUELTO: el host es el mismo pero la raiz latrobe.edu.au es de la ficha 'La Trobe University'; el campus de Sydney vive en la seccion /sydney y esa ruta es la correccion (no hay dominio ni subdominio propio: sydney.latrobe.edu.au y latrobesydney.edu.au dan NXDOMAIN). La pagina lo confirma como campus de La Trobe operado por Navitas y aclara que los Diploma y Pathway los dicta La Trobe College Australia (CRICOS 03312D), o sea que esta ficha se solapa con la de La Trobe College. Cantidad estimada: la pagina NO enumera, monta un buscador Funnelback por JS con scope campusCourseSydney, asi que la extraccion debe llamar esa busqueda filtrada por campus y no el HTML."
Lexis English,ok,,,https://lexisenglish.com/programs/,10,idiomas;pathway;high_school,"Sitio vivo y es de Lexis English (200 directo, WordPress). El catalogo en /programs/ renderiza por JS pero se confirmo con fetch: 10 programas (General English, IELTS, Cambridge, Premium Small Group, English in Action Surfing, Demi-Pair, Junior & Teen, Study Tours, Work-Ready, Pathways). DISCREPANCIA de campus: la ficha dice 4 (Perth, Brisbane, Sydney, Sunshine Coast) pero el sitio lista 6 en Australia, faltan Noosa y Byron Bay. DISCREPANCIA con puede_vender=[idiomas]: el sitio tambien anuncia Vocational Training y programas Junior/Teen, no es solo idiomas puros."
MELBOURNE POLYTECHNIC,ok,,,https://www.melbournepolytechnic.edu.au/all-courses/,98,vocacional;pregrado;posgrado;high_school;idiomas,"Dominio de la ficha vive (redirige a www) y el catalogo esta en el mismo dominio: /all-courses/ con 98 paginas de curso unicas en HTML plano, no JS, o sea facil de extraer. DISCREPANCIA fuerte con puede_vender=[vocacional]: ademas de 39 Certificate III, 22 Certificate IV, 10 Certificate II, 15 Diploma y 5 Advanced Diploma, ofrece 26 Bachelor, 1 Associate Degree y 2 Master, o sea pregrado y posgrado reales. Tambien VCE/senior secondary y English as an Additional Language. La categoria College Publico es correcta (TAFE de Victoria)."
Macquarie University,dominio_nuevo,coursehandbook.mq.edu.au,,https://coursehandbook.mq.edu.au/,250,pregrado;posgrado;investigacion;pathway,"El apex mq.edu.au NO esta muerto: con headers de navegador devuelve 301 a www.mq.edu.au (200); el 403 del probe era WAF por User-Agent. Pero la pagina de catalogo del dominio de la ficha (www.mq.edu.au/study/find-a-course) es una SPA vacia en HTML y no enumera nada por curl. El catalogo real y enumerable vive en el subdominio coursehandbook.mq.edu.au (plataforma CourseLoop, buscador paginado). Conteo via sitemap del handbook: 176 courses + 70 double degrees para 2026; el sitemap total tiene 1483 URLs de curso porque cubre 2020-2027, hay que filtrar por ano. Marcado dominio_nuevo por la regla de subdominio de catalogo; la institucion si es Macquarie. puede_vender se queda corto: hay research degrees y pathway via MQ College."
Mars Institute,ok,,,https://mars.edu.au/courses/,11,vocacional;posgrado,"Confirmado que el sitio SI es de Mars Institute (title 'Automotive College Melbourne - Mars Institute', RTO 45911, CRICOS provider), no es otra entidad. Catalogo en HTML plano bajo /courses/ con 4 areas: automotive (6 cursos), building-construction (2), ev-safety (2) y management (1) = 11 paginas de curso. Niveles Certificate III, Certificate IV y Diploma (AQF 3-5) mas un Graduate Diploma of Management (Learning) que es AQF 8, o sea que puede_vender=[vocacional] no cubre ese ultimo. Perfil muy nicho: automotriz, vehiculo electrico y construccion."
Mechanical Institute of Training and Technology Pty Ltd,dominio_nuevo,mitt.edu.au,Mechanical Institute of Training and Technology (MITT),https://mitt.edu.au/automotive-courses/,64,vocacional;posgrado,"La ficha venia sin dominio; encontrado y confirmado: mitt.edu.au, 200, RTO 41577 y CRICOS 03529J, campus principal en 113 Burgundy Street Heidelberg VIC, que coincide exactamente con la ciudad de la ficha. Existe un dominio viejo mitt.vic.edu.au aun enlazado desde el propio home. El catalogo no es una sola pagina sino 9 paginas por area (automotive, business, accounting, beauty services, cookery, community services, health and allied services, early childhood, leadership and management): sumando codigos de cualificacion unicos en HTML plano dan 64 cursos. Niveles: 20 Certificate III, 14 Certificate IV, 22 Diploma, 6 Advanced Diploma y 2 de AQF 8. Ojo: pese al nombre 'Mechanical', hoy la mayoria de la oferta NO es automotriz."
Melbourne College of Hair & Beauty,sin_catalogo,mcohb.edu.au,Melbourne College of Hairdressing & Beauty,https://mcohb.edu.au/courses/,0,,"La ficha venia sin dominio ni ciudad; encontrado y confirmado: mcohb.edu.au, 200, RTO 21943 y CRICOS 02886G, campus en Level 1, 1 Star Crescent, The District Docklands, Melbourne VIC 3008. El nombre en su propio footer es 'Melbourne College of Hairdressing & Beauty', no 'Hair & Beauty'. La pagina /courses/ existe y anuncia catalogo pero NO publica ni un curso: el HTML solo trae el plugin WP Courseware con initView 'course-archive' vacio. Verificado que no es JS oculto: el sitemap completo tiene solo 13 URLs y ninguna es de curso. El dominio viejo mcohb.com.au ya no resuelve. Por eso sin_catalogo y no dominio_muerto. Fuentes externas dicen que ofrecen Certificate II a Diploma en peluqueria, estetica, maquillaje y negocios, pero eso NO esta en su web; puede_vender=[todos] es demasiado amplio, en realidad es vocacional de belleza."
Menzies Institute of Technology,dominio_muerto,,,https://menzies.vic.edu.au/courses/,11,vocacional,"NO es cierre: es bloqueo geografico/WAF. El DNS resuelve perfecto (apex y www a 43.250.142.33 y 2400:b800:3:1::39), no hay NXDOMAIN. Lo que falla es la conexion TCP: timeout a los 21s en 443 y en 80, forzando IPv4, con http:// y golpeando la IP directa con Host header; cuatro intentos, siempre igual. Ese rango 43.250.14x.x ya dio el mismo patron con acacia.edu.au en la ronda anterior de esta auditoria. Marcado dominio_muerto solo porque es el estado que cubre 'bloqueo total', pero HAY QUE REVERIFICARLO desde IP australiana o navegador real antes de descartar la ficha. Datos recuperados de indices publicos (studyaustralia.gov.au): 11 cursos vigentes, CRICOS 02815M, campus Level 4 355 Spencer Street West Melbourne mas un segundo campus para automotriz. Niveles Certificate III/IV, Diploma y Advanced Diploma en automotriz, asistencia dental, tecnologia dental, cuidado de mayores, servicios comunitarios y enfermeria."
Monash College,dominio_nuevo,monashcollege.edu.au,,https://www.monashcollege.edu.au/study/courses,12,pathway;idiomas;vocacional,"La ficha venia sin dominio. Monash College SI tiene sitio propio y catalogo propio, separado de monash.edu (aunque comparte plantilla Squiz y footer corporativo). Catalogo: Foundation Year (standard y extended), 7 Diplomas (art and design, arts, business, education studies, engineering, IT, science), Monash English, Introductory Academic Program y Monash Advanced Preparation Program. Coincide con puede_vender=pathway; ademas vende idiomas (Monash English) y diplomas, que la ficha no registra. Ciudad real Melbourne (campus Clayton y Melbourne CBD). NO apuntarla a monash.edu: eso seria la universidad anfitriona, no el pathway provider."
Monash University,ok,,,https://www.monash.edu/study/courses/find-a-course,600,pregrado;posgrado;investigacion,"monash.edu vive (200, redirige a www) y es la universidad. El catalogo real es el buscador paginado monash.edu/study/courses/find-a-course, no handbook.monash.edu (handbook.monash.edu tambien vive 200 pero es el Handbook oficial de unidades y reglas de curso, util como complemento, no como catalogo comercial). Conte ~609 slugs unicos de curso en el listado: cientos, orden de magnitud 10^2-10^3. Mezcla Bachelor (~284), Master (~204), Doctor (~38), grad certificates y diplomas, mas micro-credenciales de desarrollo profesional. Coincide con puede_vender=pregrado,posgrado; ademas hay doctorados/investigacion no registrados en la ficha. El catalogo es buscador paginado: la extraccion tiene que iterar, no raspar una sola pagina."
National College of Vocational Education,otra_institucion,,National Centre for Vocational Education Research (NCVER),,,investigacion,"Confirmado lo que se sospechaba: ncver.edu.au (www 200; apex 403 es solo redireccion/WAF, no sitio muerto) es el National Centre for Vocational Education Research, el instituto nacional de estadistica e investigacion sobre VET en Australia, con sede en Adelaide. Su navegacion es Research and Statistics, RTO Hub, News and Events, About NCVER: publica datos y reportes, NO vende cursos ni tiene catalogo, asi que puede_vender=vocacional,idiomas es falso para este dominio. La coincidencia es solo por las siglas y por estar en Adelaide. NO salgo a adivinar el dominio del supuesto National College of Vocational Education: no lo encontre de forma inequivoca."
North Sydney English College NSEC,dominio_muerto,,,,,,"El dominio resuelve y da 200, pero NO es el college: northsydneycollege.com.au es hoy una pagina aparcada de abovedomains.com que dice literalmente This domain may be for sale, con redireccion por FingerprintJS a una landing de anuncios con CMP de consentimiento; el sitemap.xml devuelve esa misma pagina de venta. Causa: Caprock International Pty Ltd (CRICOS 01942A), que operaba como Lloyds International College y North Sydney English College, dejo de dictar cursos el 16-feb-2026 y entro en liquidacion el 20-feb-2026 (caso publicado en el Tuition Protection Service del gobierno). No existe dominio de reemplazo: probe nsec.edu.au, nsec.nsw.edu.au y northsydneyenglishcollege.com.au, todos NXDOMAIN. Ficha inservible, institucion cerrada."
Oceania Polytechnic Institute of Education Pty Ltd,ok,,OPIE - Oceania Polytechnic Institute of Education,https://opie.vic.edu.au/#courses,8,vocacional,"Dominio vivo (200) y es la institucion de la ficha. Catalogo de 8 cursos listados en la home con pagina propia por curso: Advanced Diploma of Civil Construction Design, Advanced Diploma of Building Design (Architectural), Diploma of Building and Construction (Building), Diploma of Project Management (BSB50820), Certificate IV in Building and Construction, Certificate III in Painting and Decorating, Certificate III in Solid Plastering y Certificate III in Wall and Floor Tiling. Solo vocacional, coincide con puede_vender. Campus reales confirmados en el sitio: sede principal 67 Jeffcott St West Melbourne, Workshop 1 en Maidstone y Workshop 2 en Werribee: los tres campus de la ficha existen. No publica CRICOS/RTO en home ni en About us."
Orange English College,dominio_nuevo,orangeenglish.edu.au,,https://orangeenglish.edu.au/courses/,4,idiomas,"La ficha venia sin dominio. Lo encontre y lo confirme: orangeenglish.edu.au, Orange English Pty Ltd T/A Orange English College, CRICOS 04259G, campus Level 6 416-420 Collins Street Melbourne CBD: coincide nombre y ciudad. Ojo, orangeenglishcollege.com.au tambien vive pero redirige 301 a orangeenglish.edu.au, asi que el canonico es este. Catalogo pequeno y solo de idiomas: General English, English for Academic Purposes, IELTS Preparation y Study Tours. Discrepancia con puede_vender: NO vende vocacional bajo esta marca. Lo vocacional (~27 cursos de business, liderazgo, construccion, individual support) vive en la marca hermana Orange College, orange.edu.au, otro sitio y otro RTO: si se necesita, cargarla como ficha aparte."
